country,Date,GDP
Afghanistan,1/1/2005 0:00,136.288
Afghanistan,1/1/2006 0:00,146.7
Afghanistan,1/1/2007 0:00,160.005
Afghanistan,1/1/2008 0:00,186.491
Afghanistan,1/1/2009 0:00,181.467
Afghanistan,1/1/2010 0:00,196.154
Afghanistan,1/1/2011 0:00,216.432
Afghanistan,1/1/2012 0:00,234.728
Afghanistan,1/1/2013 0:00,244.033
Afghanistan,1/1/2014 0:00,253.103
Afghanistan,1/1/2015 0:00,247.866
Albania,1/1/2005 0:00,150.386
Albania,1/1/2006 0:00,154.44
Albania,1/1/2007 0:00,159.956
Albania,1/1/2008 0:00,166.116
Albania,1/1/2009 0:00,170.134
Albania,1/1/2010 0:00,177.778
Albania,1/1/2011 0:00,181.893
Albania,1/1/2012 0:00,183.785
Albania,1/1/2013 0:00,185.237
Albania,1/1/2014 0:00,186.609
Albania,1/1/2015 0:00,189.317
Algeria,1/1/2005 0:00,143.076
Algeria,1/1/2006 0:00,158.189
Algeria,1/1/2007 0:00,168.35
Algeria,1/1/2008 0:00,194.201
Algeria,1/1/2009 0:00,172.47
Algeria,1/1/2010 0:00,200.241
Algeria,1/1/2011 0:00,235.902
Algeria,1/1/2012 0:00,256.527
Algeria,1/1/2013 0:00,256.238
Algeria,1/1/2014 0:00,255.183
Algeria,1/1/2015 0:00,243.75
Angola,1/1/2005 0:00,327.767
Angola,1/1/2006 0:00,370.512
Angola,1/1/2007 0:00,417.257
Angola,1/1/2008 0:00,499.38
Angola,1/1/2009 0:00,462.332
Angola,1/1/2010 0:00,565.866
Angola,1/1/2011 0:00,702.62
Angola,1/1/2012 0:00,752.297
Angola,1/1/2013 0:00,766.649
Angola,1/1/2014 0:00,776
Angola,1/1/2015 0:00,721.196
Antigua and Barbuda,1/1/2005 0:00,114.682
Antigua and Barbuda,1/1/2006 0:00,115.799
Antigua and Barbuda,1/1/2007 0:00,122.836
Antigua and Barbuda,1/1/2008 0:00,126.421
Antigua and Barbuda,1/1/2009 0:00,126.712
Antigua and Barbuda,1/1/2010 0:00,130.388
Antigua and Barbuda,1/1/2011 0:00,132.211
Antigua and Barbuda,1/1/2012 0:00,136.052
Antigua and Barbuda,1/1/2013 0:00,131.801
Antigua and Barbuda,1/1/2014 0:00,133.222
Antigua and Barbuda,1/1/2015 0:00,134.288
Argentina,1/1/2005 0:00,110.592
Argentina,1/1/2006 0:00,127.481
Argentina,1/1/2007 0:00,150.019
Argentina,1/1/2008 0:00,181.891
Argentina,1/1/2009 0:00,199.871
Argentina,1/1/2010 0:00,234.27
Argentina,1/1/2011 0:00,275.965
Argentina,1/1/2012 0:00,327.478
Argentina,1/1/2013 0:00,392.032
Argentina,1/1/2014 0:00,505.478
Argentina,1/1/2015 0:00,597.322
Armenia,1/1/2005 0:00,100
Armenia,1/1/2006 0:00,104.62
Armenia,1/1/2007 0:00,109.048
Armenia,1/1/2008 0:00,115.528
Armenia,1/1/2009 0:00,118.482
Armenia,1/1/2010 0:00,127.687
Armenia,1/1/2011 0:00,133.154
Armenia,1/1/2012 0:00,140.358
Armenia,1/1/2013 0:00,144.758
Armenia,1/1/2014 0:00,148.788
Armenia,1/1/2015 0:00,153.582
Australia,1/1/2005 0:00,77.734
Australia,1/1/2006 0:00,81.742
Australia,1/1/2007 0:00,85.291
Australia,1/1/2008 0:00,90.685
Australia,1/1/2009 0:00,90.964
Australia,1/1/2010 0:00,95.932
Australia,1/1/2011 0:00,100.059
Australia,1/1/2012 0:00,99.765
Australia,1/1/2013 0:00,100.921
Australia,1/1/2014 0:00,101.382
Australia,1/1/2015 0:00,101.31
Austria,1/1/2005 0:00,91.574
Austria,1/1/2006 0:00,93.322
Austria,1/1/2007 0:00,95.423
Austria,1/1/2008 0:00,97.159
Austria,1/1/2009 0:00,99.009
Austria,1/1/2010 0:00,100
Austria,1/1/2011 0:00,101.892
Austria,1/1/2012 0:00,103.886
Austria,1/1/2013 0:00,105.455
Austria,1/1/2014 0:00,107.173
Austria,1/1/2015 0:00,108.169
Azerbaijan,1/1/2005 0:00,125.797
Azerbaijan,1/1/2006 0:00,140.015
Azerbaijan,1/1/2007 0:00,169.457
Azerbaijan,1/1/2008 0:00,204.953
Azerbaijan,1/1/2009 0:00,175.652
Azerbaijan,1/1/2010 0:00,199.617
Azerbaijan,1/1/2011 0:00,240.252
Azerbaijan,1/1/2012 0:00,248.085
Azerbaijan,1/1/2013 0:00,250.727
Azerbaijan,1/1/2014 0:00,245.606
Azerbaijan,1/1/2015 0:00,263.475
Bahrain,1/1/2005 0:00,81.388
Bahrain,1/1/2006 0:00,88.585
Bahrain,1/1/2007 0:00,96.057
Bahrain,1/1/2008 0:00,106.974
Bahrain,1/1/2009 0:00,93.074
Bahrain,1/1/2010 0:00,100
Bahrain,1/1/2011 0:00,110.63
Bahrain,1/1/2012 0:00,113.094
Bahrain,1/1/2013 0:00,114.839
Bahrain,1/1/2014 0:00,113.13
Bahrain,1/1/2015 0:00,99.909
Bangladesh,1/1/2005 0:00,100
Bangladesh,1/1/2006 0:00,105.866
Bangladesh,1/1/2007 0:00,113.479
Bangladesh,1/1/2008 0:00,121.718
Bangladesh,1/1/2009 0:00,130.207
Bangladesh,1/1/2010 0:00,140.026
Bangladesh,1/1/2011 0:00,151.261
Bangladesh,1/1/2012 0:00,162.796
Bangladesh,1/1/2013 0:00,173.174
Bangladesh,1/1/2014 0:00,183.086
Bangladesh,1/1/2015 0:00,194.615
Barbados,1/1/2005 0:00,737.664
Barbados,1/1/2006 0:00,770.78
Barbados,1/1/2007 0:00,800.158
Barbados,1/1/2008 0:00,805.617
Barbados,1/1/2009 0:00,840.741
Barbados,1/1/2010 0:00,810.064
Barbados,1/1/2011 0:00,788.142
Barbados,1/1/2012 0:00,777.853
Barbados,1/1/2013 0:00,772.311
Barbados,1/1/2014 0:00,783.951
Barbados,1/1/2015 0:00,793.347
Belarus,1/1/2005 0:00,62.506
Belarus,1/1/2006 0:00,69.234
Belarus,1/1/2007 0:00,78.083
Belarus,1/1/2008 0:00,94.568
Belarus,1/1/2009 0:00,100
Belarus,1/1/2010 0:00,111.071
Belarus,1/1/2011 0:00,190.132
Belarus,1/1/2012 0:00,333.564
Belarus,1/1/2013 0:00,404.117
Belarus,1/1/2014 0:00,477.068
Belarus,1/1/2015 0:00,605.083
Belgium,1/1/2005 0:00,86.848
Belgium,1/1/2006 0:00,89.033
Belgium,1/1/2007 0:00,91.113
Belgium,1/1/2008 0:00,92.868
Belgium,1/1/2009 0:00,93.925
Belgium,1/1/2010 0:00,95.837
Belgium,1/1/2011 0:00,97.964
Belgium,1/1/2012 0:00,100
Belgium,1/1/2013 0:00,101.526
Belgium,1/1/2014 0:00,102.179
Belgium,1/1/2015 0:00,103.388
Belize,1/1/2005 0:00,103.361
Belize,1/1/2006 0:00,107.991
Belize,1/1/2007 0:00,113.223
Belize,1/1/2008 0:00,116.398
Belize,1/1/2009 0:00,112.95
Belize,1/1/2010 0:00,114.205
Belize,1/1/2011 0:00,119.093
Belize,1/1/2012 0:00,121.252
Belize,1/1/2013 0:00,123.256
Belize,1/1/2014 0:00,124.489
Belize,1/1/2015 0:00,126.356
Benin,1/1/2005 0:00,111.941
Benin,1/1/2006 0:00,115.474
Benin,1/1/2007 0:00,118.386
Benin,1/1/2008 0:00,126.892
Benin,1/1/2009 0:00,129.374
Benin,1/1/2010 0:00,131.786
Benin,1/1/2011 0:00,135.217
Benin,1/1/2012 0:00,143.491
Benin,1/1/2013 0:00,144.753
Benin,1/1/2014 0:00,143.467
Benin,1/1/2015 0:00,144.109
Bhutan,1/1/2005 0:00,121.704
Bhutan,1/1/2006 0:00,128.54
Bhutan,1/1/2007 0:00,134.04
Bhutan,1/1/2008 0:00,139.915
Bhutan,1/1/2009 0:00,147.323
Bhutan,1/1/2010 0:00,155.359
Bhutan,1/1/2011 0:00,167.167
Bhutan,1/1/2012 0:00,183.858
Bhutan,1/1/2013 0:00,200.603
Bhutan,1/1/2014 0:00,216.596
Bhutan,1/1/2015 0:00,232.563
Bolivia,1/1/2005 0:00,295.901
Bolivia,1/1/2006 0:00,336.332
Bolivia,1/1/2007 0:00,361.131
Bolivia,1/1/2008 0:00,398.621
Bolivia,1/1/2009 0:00,388.975
Bolivia,1/1/2010 0:00,423.117
Bolivia,1/1/2011 0:00,484.902
Bolivia,1/1/2012 0:00,519.331
Bolivia,1/1/2013 0:00,550.467
Bolivia,1/1/2014 0:00,561.749
Bolivia,1/1/2015 0:00,544.502
Bosnia and Herzegovina,1/1/2005 0:00,80.207
Bosnia and Herzegovina,1/1/2006 0:00,85.721
Bosnia and Herzegovina,1/1/2007 0:00,91.169
Bosnia and Herzegovina,1/1/2008 0:00,98.516
Bosnia and Herzegovina,1/1/2009 0:00,98.526
Bosnia and Herzegovina,1/1/2010 0:00,100
Bosnia and Herzegovina,1/1/2011 0:00,102.609
Bosnia and Herzegovina,1/1/2012 0:00,103.71
Bosnia and Herzegovina,1/1/2013 0:00,103.374
Bosnia and Herzegovina,1/1/2014 0:00,104.232
Bosnia and Herzegovina,1/1/2015 0:00,104.437
Botswana,1/1/2005 0:00,93.047
Botswana,1/1/2006 0:00,100
Botswana,1/1/2007 0:00,104.924
Botswana,1/1/2008 0:00,109.89
Botswana,1/1/2009 0:00,116.992
Botswana,1/1/2010 0:00,127.427
Botswana,1/1/2011 0:00,148.344
Botswana,1/1/2012 0:00,148.714
Botswana,1/1/2013 0:00,151.85
Botswana,1/1/2014 0:00,164.069
Botswana,1/1/2015 0:00,171.819
Brazil,1/1/2005 0:00,235.175
Brazil,1/1/2006 0:00,250.92
Brazil,1/1/2007 0:00,266.98
Brazil,1/1/2008 0:00,290.65
Brazil,1/1/2009 0:00,312.023
Brazil,1/1/2010 0:00,338.748
Brazil,1/1/2011 0:00,366.903
Brazil,1/1/2012 0:00,388.432
Brazil,1/1/2013 0:00,413.713
Brazil,1/1/2014 0:00,442.246
Brazil,1/1/2015 0:00,482.852
Brunei Darussalam,1/1/2005 0:00,97.31
Brunei Darussalam,1/1/2006 0:00,107.096
Brunei Darussalam,1/1/2007 0:00,108.151
Brunei Darussalam,1/1/2008 0:00,122.308
Brunei Darussalam,1/1/2009 0:00,95.008
Brunei Darussalam,1/1/2010 0:00,100
Brunei Darussalam,1/1/2011 0:00,120.181
Brunei Darussalam,1/1/2012 0:00,121.647
Brunei Darussalam,1/1/2013 0:00,118.213
Brunei Darussalam,1/1/2014 0:00,115.878
Brunei Darussalam,1/1/2015 0:00,85.366
Bulgaria,1/1/2005 0:00,73.824
Bulgaria,1/1/2006 0:00,78.881
Bulgaria,1/1/2007 0:00,87.69
Bulgaria,1/1/2008 0:00,94.794
Bulgaria,1/1/2009 0:00,98.777
Bulgaria,1/1/2010 0:00,100
Bulgaria,1/1/2011 0:00,106.961
Bulgaria,1/1/2012 0:00,108.624
Bulgaria,1/1/2013 0:00,107.796
Bulgaria,1/1/2014 0:00,108.474
Bulgaria,1/1/2015 0:00,107.637
Burkina Faso,1/1/2005 0:00,112
Burkina Faso,1/1/2006 0:00,111.2
Burkina Faso,1/1/2007 0:00,114.003
Burkina Faso,1/1/2008 0:00,124.445
Burkina Faso,1/1/2009 0:00,127.439
Burkina Faso,1/1/2010 0:00,132.256
Burkina Faso,1/1/2011 0:00,141.125
Burkina Faso,1/1/2012 0:00,149.344
Burkina Faso,1/1/2013 0:00,148.078
Burkina Faso,1/1/2014 0:00,145.761
Burkina Faso,1/1/2015 0:00,147.638
Burundi,1/1/2005 0:00,100.013
Burundi,1/1/2006 0:00,102.845
Burundi,1/1/2007 0:00,111.366
Burundi,1/1/2008 0:00,138.275
Burundi,1/1/2009 0:00,152.24
Burundi,1/1/2010 0:00,165.942
Burundi,1/1/2011 0:00,190.402
Burundi,1/1/2012 0:00,221.656
Burundi,1/1/2013 0:00,247.697
Burundi,1/1/2014 0:00,267.733
Burundi,1/1/2015 0:00,288.462
Cambodia,1/1/2005 0:00,117.017
Cambodia,1/1/2006 0:00,122.436
Cambodia,1/1/2007 0:00,130.416
Cambodia,1/1/2008 0:00,146.397
Cambodia,1/1/2009 0:00,150.063
Cambodia,1/1/2010 0:00,154.746
Cambodia,1/1/2011 0:00,159.952
Cambodia,1/1/2012 0:00,162.256
Cambodia,1/1/2013 0:00,164.852
Cambodia,1/1/2014 0:00,166.412
Cambodia,1/1/2015 0:00,169.434
Cameroon,1/1/2005 0:00,110.299
Cameroon,1/1/2006 0:00,114.647
Cameroon,1/1/2007 0:00,115.818
Cameroon,1/1/2008 0:00,120.061
Cameroon,1/1/2009 0:00,124.513
Cameroon,1/1/2010 0:00,127.772
Cameroon,1/1/2011 0:00,131.564
Cameroon,1/1/2012 0:00,135.495
Cameroon,1/1/2013 0:00,138.703
Cameroon,1/1/2014 0:00,140.97
Cameroon,1/1/2015 0:00,143.461
Canada,1/1/2005 0:00,94.308
Canada,1/1/2006 0:00,96.863
Canada,1/1/2007 0:00,100
Canada,1/1/2008 0:00,103.892
Canada,1/1/2009 0:00,101.665
Canada,1/1/2010 0:00,104.356
Canada,1/1/2011 0:00,107.893
Canada,1/1/2012 0:00,109.519
Canada,1/1/2013 0:00,111.034
Canada,1/1/2014 0:00,113.03
Canada,1/1/2015 0:00,112.413
Cape Verde,1/1/2005 0:00,94.473
Cape Verde,1/1/2006 0:00,97.353
Cape Verde,1/1/2007 0:00,100
Cape Verde,1/1/2008 0:00,103.546
Cape Verde,1/1/2009 0:00,105.781
Cape Verde,1/1/2010 0:00,106.31
Cape Verde,1/1/2011 0:00,109.154
Cape Verde,1/1/2012 0:00,109.787
Cape Verde,1/1/2013 0:00,110.314
Cape Verde,1/1/2014 0:00,109.398
Cape Verde,1/1/2015 0:00,111.634
Central African Republic,1/1/2005 0:00,100
Central African Republic,1/1/2006 0:00,103.334
Central African Republic,1/1/2007 0:00,105.234
Central African Republic,1/1/2008 0:00,112.681
Central African Republic,1/1/2009 0:00,116.605
Central African Republic,1/1/2010 0:00,118.948
Central African Republic,1/1/2011 0:00,121.281
Central African Republic,1/1/2012 0:00,124.548
Central African Republic,1/1/2013 0:00,133.568
Central African Republic,1/1/2014 0:00,148.235
Central African Republic,1/1/2015 0:00,157.502
Chad,1/1/2005 0:00,100
Chad,1/1/2006 0:00,109.984
Chad,1/1/2007 0:00,113.616
Chad,1/1/2008 0:00,123.442
Chad,1/1/2009 0:00,111.637
Chad,1/1/2010 0:00,118.778
Chad,1/1/2011 0:00,128.97
Chad,1/1/2012 0:00,130.387
Chad,1/1/2013 0:00,124.969
Chad,1/1/2014 0:00,125.813
Chad,1/1/2015 0:00,117.859
Chile,1/1/2005 0:00,84.37
Chile,1/1/2006 0:00,94.958
Chile,1/1/2007 0:00,99.481
Chile,1/1/2008 0:00,99.975
Chile,1/1/2009 0:00,103.709
Chile,1/1/2010 0:00,112.901
Chile,1/1/2011 0:00,116.737
Chile,1/1/2012 0:00,117.701
Chile,1/1/2013 0:00,119.877
Chile,1/1/2014 0:00,126.402
Chile,1/1/2015 0:00,131.129
China,1/1/2005 0:00,230.742
China,1/1/2006 0:00,239.77
China,1/1/2007 0:00,258.623
China,1/1/2008 0:00,278.786
China,1/1/2009 0:00,278.574
China,1/1/2010 0:00,297.986
China,1/1/2011 0:00,322.194
China,1/1/2012 0:00,329.909
China,1/1/2013 0:00,337.278
China,1/1/2014 0:00,340.055
China,1/1/2015 0:00,346.512
Colombia,1/1/2005 0:00,100
Colombia,1/1/2006 0:00,105.775
Colombia,1/1/2007 0:00,111.106
Colombia,1/1/2008 0:00,119.501
Colombia,1/1/2009 0:00,123.573
Colombia,1/1/2010 0:00,128.339
Colombia,1/1/2011 0:00,137.35
Colombia,1/1/2012 0:00,141.113
Colombia,1/1/2013 0:00,143.741
Colombia,1/1/2014 0:00,146.366
Colombia,1/1/2015 0:00,147.865
Comoros,1/1/2005 0:00,123.851
Comoros,1/1/2006 0:00,126.328
Comoros,1/1/2007 0:00,132.876
Comoros,1/1/2008 0:00,140.192
Comoros,1/1/2009 0:00,146.589
Comoros,1/1/2010 0:00,152.97
Comoros,1/1/2011 0:00,160.157
Comoros,1/1/2012 0:00,164.299
Comoros,1/1/2013 0:00,169.439
Comoros,1/1/2014 0:00,172.72
Comoros,1/1/2015 0:00,175.972
Costa Rica,1/1/2005 0:00,548.526
Costa Rica,1/1/2006 0:00,608.861
Costa Rica,1/1/2007 0:00,665.996
Costa Rica,1/1/2008 0:00,748.563
Costa Rica,1/1/2009 0:00,811.293
Costa Rica,1/1/2010 0:00,875.88
Costa Rica,1/1/2011 0:00,915.536
Costa Rica,1/1/2012 0:00,951.106
Costa Rica,1/1/2013 0:00,993.163
Costa Rica,1/1/2014 0:00,1040.204
Costa Rica,1/1/2015 0:00,1060.288
Côte d'Ivoire,1/1/2005 0:00,85.986
Côte d'Ivoire,1/1/2006 0:00,87.485
Côte d'Ivoire,1/1/2007 0:00,90.051
Côte d'Ivoire,1/1/2008 0:00,97.708
Côte d'Ivoire,1/1/2009 0:00,100
Côte d'Ivoire,1/1/2010 0:00,105.386
Côte d'Ivoire,1/1/2011 0:00,107.11
Côte d'Ivoire,1/1/2012 0:00,111.792
Côte d'Ivoire,1/1/2013 0:00,114.08
Côte d'Ivoire,1/1/2014 0:00,114.734
Côte d'Ivoire,1/1/2015 0:00,117.398
Croatia,1/1/2005 0:00,84.317
Croatia,1/1/2006 0:00,87.687
Croatia,1/1/2007 0:00,91.287
Croatia,1/1/2008 0:00,96.492
Croatia,1/1/2009 0:00,99.175
Croatia,1/1/2010 0:00,100
Croatia,1/1/2011 0:00,101.672
Croatia,1/1/2012 0:00,103.279
Croatia,1/1/2013 0:00,104.111
Croatia,1/1/2014 0:00,104.126
Croatia,1/1/2015 0:00,104.424
Cyprus,1/1/2005 0:00,100
Cyprus,1/1/2006 0:00,103.138
Cyprus,1/1/2007 0:00,107.585
Cyprus,1/1/2008 0:00,112.459
Cyprus,1/1/2009 0:00,112.69
Cyprus,1/1/2010 0:00,115.004
Cyprus,1/1/2011 0:00,117.254
Cyprus,1/1/2012 0:00,119.652
Cyprus,1/1/2013 0:00,118.008
Cyprus,1/1/2014 0:00,116.65
Cyprus,1/1/2015 0:00,115.565
Czech Republic,1/1/2005 0:00,92.923
Czech Republic,1/1/2006 0:00,93.593
Czech Republic,1/1/2007 0:00,96.9
Czech Republic,1/1/2008 0:00,98.861
Czech Republic,1/1/2009 0:00,101.472
Czech Republic,1/1/2010 0:00,100
Czech Republic,1/1/2011 0:00,99.779
Czech Republic,1/1/2012 0:00,101.164
Czech Republic,1/1/2013 0:00,102.594
Czech Republic,1/1/2014 0:00,105.139
Czech Republic,1/1/2015 0:00,106.871
Democratic Republic of the Congo,1/1/2005 0:00,100
Democratic Republic of the Congo,1/1/2006 0:00,112.106
Democratic Republic of the Congo,1/1/2007 0:00,133.264
Democratic Republic of the Congo,1/1/2008 0:00,159.359
Democratic Republic of the Congo,1/1/2009 0:00,213.31
Democratic Republic of the Congo,1/1/2010 0:00,251.807
Democratic Republic of the Congo,1/1/2011 0:00,284.742
Democratic Republic of the Congo,1/1/2012 0:00,298.2
Democratic Republic of the Congo,1/1/2013 0:00,325.945
Democratic Republic of the Congo,1/1/2014 0:00,330.093
Democratic Republic of the Congo,1/1/2015 0:00,331.666
Denmark,1/1/2005 0:00,88.401
Denmark,1/1/2006 0:00,90.328
Denmark,1/1/2007 0:00,92.603
Denmark,1/1/2008 0:00,96.394
Denmark,1/1/2009 0:00,96.854
Denmark,1/1/2010 0:00,100.003
Denmark,1/1/2011 0:00,100.77
Denmark,1/1/2012 0:00,103.28
Denmark,1/1/2013 0:00,104.875
Denmark,1/1/2014 0:00,105.681
Denmark,1/1/2015 0:00,106.162
Djibouti,1/1/2005 0:00,161.959
Djibouti,1/1/2006 0:00,167.688
Djibouti,1/1/2007 0:00,176
Djibouti,1/1/2008 0:00,193
Djibouti,1/1/2009 0:00,196
Djibouti,1/1/2010 0:00,203.747
Djibouti,1/1/2011 0:00,214.137
Djibouti,1/1/2012 0:00,223.118
Djibouti,1/1/2013 0:00,228.47
Djibouti,1/1/2014 0:00,235.324
Djibouti,1/1/2015 0:00,242.384
Dominica,1/1/2005 0:00,97.687
Dominica,1/1/2006 0:00,100
Dominica,1/1/2007 0:00,101.525
Dominica,1/1/2008 0:00,103.057
Dominica,1/1/2009 0:00,111.305
Dominica,1/1/2010 0:00,111.635
Dominica,1/1/2011 0:00,113.419
Dominica,1/1/2012 0:00,111.118
Dominica,1/1/2013 0:00,115.365
Dominica,1/1/2014 0:00,114.912
Dominica,1/1/2015 0:00,114.673
Dominican Republic,1/1/2005 0:00,89.752
Dominican Republic,1/1/2006 0:00,94.663
Dominican Republic,1/1/2007 0:00,100
Dominican Republic,1/1/2008 0:00,110.39
Dominican Republic,1/1/2009 0:00,114.153
Dominican Republic,1/1/2010 0:00,120.601
Dominican Republic,1/1/2011 0:00,131.492
Dominican Republic,1/1/2012 0:00,137.311
Dominican Republic,1/1/2013 0:00,141.031
Dominican Republic,1/1/2014 0:00,143.076
Dominican Republic,1/1/2015 0:00,145.222
Ecuador,1/1/2005 0:00,86.818
Ecuador,1/1/2006 0:00,93.764
Ecuador,1/1/2007 0:00,100
Ecuador,1/1/2008 0:00,113.847
Ecuador,1/1/2009 0:00,114.594
Ecuador,1/1/2010 0:00,123.148
Ecuador,1/1/2011 0:00,130.122
Ecuador,1/1/2012 0:00,136.686
Ecuador,1/1/2013 0:00,140.834
Ecuador,1/1/2014 0:00,144.393
Ecuador,1/1/2015 0:00,142.949
Egypt,1/1/2005 0:00,47.98
Egypt,1/1/2006 0:00,51.511
Egypt,1/1/2007 0:00,57.999
Egypt,1/1/2008 0:00,65.077
Egypt,1/1/2009 0:00,72.356
Egypt,1/1/2010 0:00,79.669
Egypt,1/1/2011 0:00,88.961
Egypt,1/1/2012 0:00,99.997
Egypt,1/1/2013 0:00,108.995
Egypt,1/1/2014 0:00,121.553
Egypt,1/1/2015 0:00,134.931
El Salvador,1/1/2005 0:00,202.085
El Salvador,1/1/2006 0:00,211.053
El Salvador,1/1/2007 0:00,220.277
El Salvador,1/1/2008 0:00,231.852
El Salvador,1/1/2009 0:00,230.751
El Salvador,1/1/2010 0:00,235.988
El Salvador,1/1/2011 0:00,249.418
El Salvador,1/1/2012 0:00,251.95
El Salvador,1/1/2013 0:00,252.962
El Salvador,1/1/2014 0:00,256.401
El Salvador,1/1/2015 0:00,255.504
Equatorial Guinea,1/1/2005 0:00,87.778
Equatorial Guinea,1/1/2006 0:00,100
Equatorial Guinea,1/1/2007 0:00,96.225
Equatorial Guinea,1/1/2008 0:00,121.617
Equatorial Guinea,1/1/2009 0:00,85.682
Equatorial Guinea,1/1/2010 0:00,116.215
Equatorial Guinea,1/1/2011 0:00,147.246
Equatorial Guinea,1/1/2012 0:00,157.464
Equatorial Guinea,1/1/2013 0:00,155.072
Equatorial Guinea,1/1/2014 0:00,141.075
Equatorial Guinea,1/1/2015 0:00,121.04
Eritrea,1/1/2005 0:00,100
Eritrea,1/1/2006 0:00,111.394
Eritrea,1/1/2007 0:00,119.513
Eritrea,1/1/2008 0:00,138.726
Eritrea,1/1/2009 0:00,179.656
Eritrea,1/1/2010 0:00,200.449
Eritrea,1/1/2011 0:00,227.2
Eritrea,1/1/2012 0:00,251.714
Eritrea,1/1/2013 0:00,276.695
Eritrea,1/1/2014 0:00,304.747
Eritrea,1/1/2015 0:00,335.346
Estonia,1/1/2005 0:00,75.133
Estonia,1/1/2006 0:00,81.803
Estonia,1/1/2007 0:00,91.219
Estonia,1/1/2008 0:00,98.054
Estonia,1/1/2009 0:00,98.477
Estonia,1/1/2010 0:00,100
Estonia,1/1/2011 0:00,105.261
Estonia,1/1/2012 0:00,108.11
Estonia,1/1/2013 0:00,112.405
Estonia,1/1/2014 0:00,114.675
Estonia,1/1/2015 0:00,116.114
Ethiopia,1/1/2005 0:00,42.406
Ethiopia,1/1/2006 0:00,46.987
Ethiopia,1/1/2007 0:00,54.9
Ethiopia,1/1/2008 0:00,71.268
Ethiopia,1/1/2009 0:00,87.415
Ethiopia,1/1/2010 0:00,90.379
Ethiopia,1/1/2011 0:00,108.29
Ethiopia,1/1/2012 0:00,144.543
Ethiopia,1/1/2013 0:00,152.284
Ethiopia,1/1/2014 0:00,167.166
Ethiopia,1/1/2015 0:00,185.741
Fiji,1/1/2005 0:00,109.652
Fiji,1/1/2006 0:00,113.733
Fiji,1/1/2007 0:00,117.105
Fiji,1/1/2008 0:00,118.693
Fiji,1/1/2009 0:00,120.344
Fiji,1/1/2010 0:00,125.433
Fiji,1/1/2011 0:00,132.558
Fiji,1/1/2012 0:00,137.183
Fiji,1/1/2013 0:00,141.335
Fiji,1/1/2014 0:00,146.281
Fiji,1/1/2015 0:00,150.962
Finland,1/1/2005 0:00,91.506
Finland,1/1/2006 0:00,92.342
Finland,1/1/2007 0:00,94.894
Finland,1/1/2008 0:00,97.814
Finland,1/1/2009 0:00,99.65
Finland,1/1/2010 0:00,100
Finland,1/1/2011 0:00,102.584
Finland,1/1/2012 0:00,105.614
Finland,1/1/2013 0:00,108.389
Finland,1/1/2014 0:00,110.136
Finland,1/1/2015 0:00,110.86
France,1/1/2005 0:00,92.135
France,1/1/2006 0:00,94.126
France,1/1/2007 0:00,96.539
France,1/1/2008 0:00,98.836
France,1/1/2009 0:00,98.932
France,1/1/2010 0:00,100
France,1/1/2011 0:00,100.944
France,1/1/2012 0:00,102.112
France,1/1/2013 0:00,102.887
France,1/1/2014 0:00,103.473
France,1/1/2015 0:00,104.448
FYR Macedonia,1/1/2005 0:00,100
FYR Macedonia,1/1/2006 0:00,103.252
FYR Macedonia,1/1/2007 0:00,107.995
FYR Macedonia,1/1/2008 0:00,113.925
FYR Macedonia,1/1/2009 0:00,114.261
FYR Macedonia,1/1/2010 0:00,116.593
FYR Macedonia,1/1/2011 0:00,120.933
FYR Macedonia,1/1/2012 0:00,122.146
FYR Macedonia,1/1/2013 0:00,127.351
FYR Macedonia,1/1/2014 0:00,129.184
FYR Macedonia,1/1/2015 0:00,130.734
Gabon,1/1/2005 0:00,130.526
Gabon,1/1/2006 0:00,141.604
Gabon,1/1/2007 0:00,149.528
Gabon,1/1/2008 0:00,171.223
Gabon,1/1/2009 0:00,144.771
Gabon,1/1/2010 0:00,168.834
Gabon,1/1/2011 0:00,190.245
Gabon,1/1/2012 0:00,184.648
Gabon,1/1/2013 0:00,173.277
Gabon,1/1/2014 0:00,171.802
Gabon,1/1/2015 0:00,150.213
Georgia,1/1/2005 0:00,135.67
Georgia,1/1/2006 0:00,147.181
Georgia,1/1/2007 0:00,161.109
Georgia,1/1/2008 0:00,176.233
Georgia,1/1/2009 0:00,172.632
Georgia,1/1/2010 0:00,187.472
Georgia,1/1/2011 0:00,205.265
Georgia,1/1/2012 0:00,207.366
Georgia,1/1/2013 0:00,205.919
Georgia,1/1/2014 0:00,213.679
Georgia,1/1/2015 0:00,221.585
Germany,1/1/2005 0:00,95.176
Germany,1/1/2006 0:00,95.301
Germany,1/1/2007 0:00,96.804
Germany,1/1/2008 0:00,97.884
Germany,1/1/2009 0:00,99.547
Germany,1/1/2010 0:00,100.431
Germany,1/1/2011 0:00,101.45
Germany,1/1/2012 0:00,102.761
Germany,1/1/2013 0:00,104.796
Germany,1/1/2014 0:00,106.634
Germany,1/1/2015 0:00,109.165
Ghana,1/1/2005 0:00,89.509
Ghana,1/1/2006 0:00,99.995
Ghana,1/1/2007 0:00,118.457
Ghana,1/1/2008 0:00,141.235
Ghana,1/1/2009 0:00,161.909
Ghana,1/1/2010 0:00,188.784
Ghana,1/1/2011 0:00,215.094
Ghana,1/1/2012 0:00,250.715
Ghana,1/1/2013 0:00,289.777
Ghana,1/1/2014 0:00,338.12
Ghana,1/1/2015 0:00,386.457
Greece,1/1/2005 0:00,86.803
Greece,1/1/2006 0:00,89.727
Greece,1/1/2007 0:00,92.629
Greece,1/1/2008 0:00,96.744
Greece,1/1/2009 0:00,99.242
Greece,1/1/2010 0:00,100
Greece,1/1/2011 0:00,100.773
Greece,1/1/2012 0:00,100.827
Greece,1/1/2013 0:00,98.558
Greece,1/1/2014 0:00,96.001
Greece,1/1/2015 0:00,95.141
Grenada,1/1/2005 0:00,95.55
Grenada,1/1/2006 0:00,100
Grenada,1/1/2007 0:00,102.319
Grenada,1/1/2008 0:00,110.349
Grenada,1/1/2009 0:00,110.338
Grenada,1/1/2010 0:00,110.868
Grenada,1/1/2011 0:00,111.115
Grenada,1/1/2012 0:00,115.48
Grenada,1/1/2013 0:00,118.847
Grenada,1/1/2014 0:00,121.694
Grenada,1/1/2015 0:00,123.52
Guatemala,1/1/2005 0:00,124.596
Guatemala,1/1/2006 0:00,130.818
Guatemala,1/1/2007 0:00,140.153
Guatemala,1/1/2008 0:00,153.385
Guatemala,1/1/2009 0:00,158.82
Guatemala,1/1/2010 0:00,166.986
Guatemala,1/1/2011 0:00,178.563
Guatemala,1/1/2012 0:00,184.496
Guatemala,1/1/2013 0:00,190.707
Guatemala,1/1/2014 0:00,196.352
Guatemala,1/1/2015 0:00,201.866
Guinea,1/1/2005 0:00,148.438
Guinea,1/1/2006 0:00,204.227
Guinea,1/1/2007 0:00,230.749
Guinea,1/1/2008 0:00,263.306
Guinea,1/1/2009 0:00,281.228
Guinea,1/1/2010 0:00,338.034
Guinea,1/1/2011 0:00,404.746
Guinea,1/1/2012 0:00,457.492
Guinea,1/1/2013 0:00,486.237
Guinea,1/1/2014 0:00,533.449
Guinea,1/1/2015 0:00,569.139
Guinea-Bissau,1/1/2005 0:00,100
Guinea-Bissau,1/1/2006 0:00,97.726
Guinea-Bissau,1/1/2007 0:00,102.01
Guinea-Bissau,1/1/2008 0:00,114.726
Guinea-Bissau,1/1/2009 0:00,111.901
Guinea-Bissau,1/1/2010 0:00,115.208
Guinea-Bissau,1/1/2011 0:00,131.108
Guinea-Bissau,1/1/2012 0:00,130.085
Guinea-Bissau,1/1/2013 0:00,128.758
Guinea-Bissau,1/1/2014 0:00,135.739
Guinea-Bissau,1/1/2015 0:00,144.26
Guyana,1/1/2005 0:00,104.875
Guyana,1/1/2006 0:00,111.064
Guyana,1/1/2007 0:00,125.171
Guyana,1/1/2008 0:00,136.463
Guyana,1/1/2009 0:00,139.369
Guyana,1/1/2010 0:00,148.711
Guyana,1/1/2011 0:00,161.153
Guyana,1/1/2012 0:00,170.415
Guyana,1/1/2013 0:00,170.251
Guyana,1/1/2014 0:00,171.156
Guyana,1/1/2015 0:00,176.696
Haiti,1/1/2005 0:00,1314.471
Haiti,1/1/2006 0:00,1508.209
Haiti,1/1/2007 0:00,1629.479
Haiti,1/1/2008 0:00,1839.598
Haiti,1/1/2009 0:00,1907.705
Haiti,1/1/2010 0:00,2011.696
Haiti,1/1/2011 0:00,2162.779
Haiti,1/1/2012 0:00,2277.094
Haiti,1/1/2013 0:00,2427.099
Haiti,1/1/2014 0:00,2519.498
Haiti,1/1/2015 0:00,2685.785
Honduras,1/1/2005 0:00,137.241
Honduras,1/1/2006 0:00,144.583
Honduras,1/1/2007 0:00,154.162
Honduras,1/1/2008 0:00,166.171
Honduras,1/1/2009 0:00,178.89
Honduras,1/1/2010 0:00,187.255
Honduras,1/1/2011 0:00,201.875
Honduras,1/1/2012 0:00,209.101
Honduras,1/1/2013 0:00,211.975
Honduras,1/1/2014 0:00,223.691
Honduras,1/1/2015 0:00,232.004
Hong Kong SAR,1/1/2005 0:00,87.924
Hong Kong SAR,1/1/2006 0:00,87.454
Hong Kong SAR,1/1/2007 0:00,90.198
Hong Kong SAR,1/1/2008 0:00,91.354
Hong Kong SAR,1/1/2009 0:00,91.011
Hong Kong SAR,1/1/2010 0:00,91.257
Hong Kong SAR,1/1/2011 0:00,94.815
Hong Kong SAR,1/1/2012 0:00,98.176
Hong Kong SAR,1/1/2013 0:00,100
Hong Kong SAR,1/1/2014 0:00,102.896
Hong Kong SAR,1/1/2015 0:00,106.184
Hungary,1/1/2005 0:00,100
Hungary,1/1/2006 0:00,103.525
Hungary,1/1/2007 0:00,109.05
Hungary,1/1/2008 0:00,114.483
Hungary,1/1/2009 0:00,118.988
Hungary,1/1/2010 0:00,121.535
Hungary,1/1/2011 0:00,124.203
Hungary,1/1/2012 0:00,128.376
Hungary,1/1/2013 0:00,132.194
Hungary,1/1/2014 0:00,136.26
Hungary,1/1/2015 0:00,139.939
Iceland,1/1/2005 0:00,100
Iceland,1/1/2006 0:00,108.795
Iceland,1/1/2007 0:00,113.322
Iceland,1/1/2008 0:00,126.228
Iceland,1/1/2009 0:00,136.518
Iceland,1/1/2010 0:00,144.156
Iceland,1/1/2011 0:00,148.544
Iceland,1/1/2012 0:00,153.281
Iceland,1/1/2013 0:00,156.109
Iceland,1/1/2014 0:00,162.331
Iceland,1/1/2015 0:00,170.569
India,1/1/2005 0:00,66.482
India,1/1/2006 0:00,70.752
India,1/1/2007 0:00,74.825
India,1/1/2008 0:00,81.308
India,1/1/2009 0:00,86.238
India,1/1/2010 0:00,93.986
India,1/1/2011 0:00,100
India,1/1/2012 0:00,107.626
India,1/1/2013 0:00,114.353
India,1/1/2014 0:00,117.824
India,1/1/2015 0:00,123.612
Indonesia,1/1/2005 0:00,59.02
Indonesia,1/1/2006 0:00,67.334
Indonesia,1/1/2007 0:00,74.915
Indonesia,1/1/2008 0:00,87.863
Indonesia,1/1/2009 0:00,93.162
Indonesia,1/1/2010 0:00,100
Indonesia,1/1/2011 0:00,107.466
Indonesia,1/1/2012 0:00,111.5
Indonesia,1/1/2013 0:00,116.751
Indonesia,1/1/2014 0:00,123.046
Indonesia,1/1/2015 0:00,131.428
Iraq,1/1/2005 0:00,71.012
Iraq,1/1/2006 0:00,87.383
Iraq,1/1/2007 0:00,100
Iraq,1/1/2008 0:00,130.175
Iraq,1/1/2009 0:00,104.763
Iraq,1/1/2010 0:00,122.14
Iraq,1/1/2011 0:00,152.296
Iraq,1/1/2012 0:00,156.362
Iraq,1/1/2013 0:00,156.454
Iraq,1/1/2014 0:00,153.659
Iraq,1/1/2015 0:00,113.445
Ireland,1/1/2005 0:00,102.665
Ireland,1/1/2006 0:00,105.063
Ireland,1/1/2007 0:00,106.075
Ireland,1/1/2008 0:00,103.189
Ireland,1/1/2009 0:00,98.792
Ireland,1/1/2010 0:00,96.498
Ireland,1/1/2011 0:00,98.47
Ireland,1/1/2012 0:00,98.833
Ireland,1/1/2013 0:00,100
Ireland,1/1/2014 0:00,100.142
Ireland,1/1/2015 0:00,103.346
Islamic Republic of Iran,1/1/2005 0:00,119.511
Islamic Republic of Iran,1/1/2006 0:00,136.087
Islamic Republic of Iran,1/1/2007 0:00,164.684
Islamic Republic of Iran,1/1/2008 0:00,195.1
Islamic Republic of Iran,1/1/2009 0:00,200.397
Islamic Republic of Iran,1/1/2010 0:00,229.173
Islamic Republic of Iran,1/1/2011 0:00,289.433
Islamic Republic of Iran,1/1/2012 0:00,352.533
Islamic Republic of Iran,1/1/2013 0:00,473.595
Islamic Republic of Iran,1/1/2014 0:00,531.564
Islamic Republic of Iran,1/1/2015 0:00,577.61
Israel,1/1/2005 0:00,90.476
Israel,1/1/2006 0:00,91.846
Israel,1/1/2007 0:00,92.721
Israel,1/1/2008 0:00,94.855
Israel,1/1/2009 0:00,98.539
Israel,1/1/2010 0:00,100
Israel,1/1/2011 0:00,101.784
Israel,1/1/2012 0:00,105.74
Israel,1/1/2013 0:00,108.015
Israel,1/1/2014 0:00,109.1
Israel,1/1/2015 0:00,112.304
Italy,1/1/2005 0:00,91.396
Italy,1/1/2006 0:00,93.131
Italy,1/1/2007 0:00,95.399
Italy,1/1/2008 0:00,97.766
Italy,1/1/2009 0:00,99.681
Italy,1/1/2010 0:00,100
Italy,1/1/2011 0:00,101.47
Italy,1/1/2012 0:00,102.85
Italy,1/1/2013 0:00,104.26
Italy,1/1/2014 0:00,105.148
Italy,1/1/2015 0:00,105.52
Jamaica,1/1/2005 0:00,95.234
Jamaica,1/1/2006 0:00,103.703
Jamaica,1/1/2007 0:00,115.429
Jamaica,1/1/2008 0:00,131.075
Jamaica,1/1/2009 0:00,144.922
Jamaica,1/1/2010 0:00,159.126
Jamaica,1/1/2011 0:00,168.691
Jamaica,1/1/2012 0:00,179.561
Jamaica,1/1/2013 0:00,195.242
Jamaica,1/1/2014 0:00,207.443
Jamaica,1/1/2015 0:00,217.873
Japan,1/1/2005 0:00,99.996
Japan,1/1/2006 0:00,98.875
Japan,1/1/2007 0:00,97.955
Japan,1/1/2008 0:00,96.715
Japan,1/1/2009 0:00,96.232
Japan,1/1/2010 0:00,94.152
Japan,1/1/2011 0:00,92.407
Japan,1/1/2012 0:00,91.548
Japan,1/1/2013 0:00,91.027
Japan,1/1/2014 0:00,92.536
Japan,1/1/2015 0:00,94.299
Jordan,1/1/2005 0:00,120.946
Jordan,1/1/2006 0:00,133.829
Jordan,1/1/2007 0:00,140.588
Jordan,1/1/2008 0:00,168.521
Jordan,1/1/2009 0:00,173.283
Jordan,1/1/2010 0:00,187.894
Jordan,1/1/2011 0:00,199.893
Jordan,1/1/2012 0:00,208.891
Jordan,1/1/2013 0:00,220.587
Jordan,1/1/2014 0:00,228.185
Jordan,1/1/2015 0:00,236.283
Kazakhstan,1/1/2005 0:00,71.212
Kazakhstan,1/1/2006 0:00,86.56
Kazakhstan,1/1/2007 0:00,100
Kazakhstan,1/1/2008 0:00,120.937
Kazakhstan,1/1/2009 0:00,126.61
Kazakhstan,1/1/2010 0:00,151.352
Kazakhstan,1/1/2011 0:00,177.943
Kazakhstan,1/1/2012 0:00,186.527
Kazakhstan,1/1/2013 0:00,204.545
Kazakhstan,1/1/2014 0:00,215.219
Kazakhstan,1/1/2015 0:00,206.29
Kenya,1/1/2005 0:00,64.894
Kenya,1/1/2006 0:00,71.941
Kenya,1/1/2007 0:00,77.79
Kenya,1/1/2008 0:00,89.576
Kenya,1/1/2009 0:00,100
Kenya,1/1/2010 0:00,102.094
Kenya,1/1/2011 0:00,113.111
Kenya,1/1/2012 0:00,123.724
Kenya,1/1/2013 0:00,129.969
Kenya,1/1/2014 0:00,139.746
Kenya,1/1/2015 0:00,149.108
Kiribati,1/1/2005 0:00,100.254
Kiribati,1/1/2006 0:00,100
Kiribati,1/1/2007 0:00,106.029
Kiribati,1/1/2008 0:00,114.429
Kiribati,1/1/2009 0:00,115.037
Kiribati,1/1/2010 0:00,116.728
Kiribati,1/1/2011 0:00,120.056
Kiribati,1/1/2012 0:00,121.133
Kiribati,1/1/2013 0:00,121.922
Kiribati,1/1/2014 0:00,125.72
Kiribati,1/1/2015 0:00,127.481
Korea,1/1/2005 0:00,88.926
Korea,1/1/2006 0:00,88.802
Korea,1/1/2007 0:00,90.931
Korea,1/1/2008 0:00,93.619
Korea,1/1/2009 0:00,96.935
Korea,1/1/2010 0:00,100
Korea,1/1/2011 0:00,101.585
Korea,1/1/2012 0:00,102.645
Korea,1/1/2013 0:00,103.521
Korea,1/1/2014 0:00,104.103
Korea,1/1/2015 0:00,106.598
Kosovo,1/1/2005 0:00,78.327
Kosovo,1/1/2006 0:00,78.714
Kosovo,1/1/2007 0:00,80.608
Kosovo,1/1/2008 0:00,86.553
Kosovo,1/1/2009 0:00,87.569
Kosovo,1/1/2010 0:00,91.687
Kosovo,1/1/2011 0:00,96.075
Kosovo,1/1/2012 0:00,98.188
Kosovo,1/1/2013 0:00,100
Kosovo,1/1/2014 0:00,100.61
Kosovo,1/1/2015 0:00,100.115
Kuwait,1/1/2005 0:00,75.575
Kuwait,1/1/2006 0:00,87.788
Kuwait,1/1/2007 0:00,91.569
Kuwait,1/1/2008 0:00,108.659
Kuwait,1/1/2009 0:00,90.006
Kuwait,1/1/2010 0:00,100
Kuwait,1/1/2011 0:00,116.189
Kuwait,1/1/2012 0:00,123.683
Kuwait,1/1/2013 0:00,125.554
Kuwait,1/1/2014 0:00,123.478
Kuwait,1/1/2015 0:00,89.676
Kyrgyz Republic,1/1/2005 0:00,395.328
Kyrgyz Republic,1/1/2006 0:00,432.468
Kyrgyz Republic,1/1/2007 0:00,496.804
Kyrgyz Republic,1/1/2008 0:00,611.89
Kyrgyz Republic,1/1/2009 0:00,636.496
Kyrgyz Republic,1/1/2010 0:00,700.362
Kyrgyz Republic,1/1/2011 0:00,857.816
Kyrgyz Republic,1/1/2012 0:00,939.704
Kyrgyz Republic,1/1/2013 0:00,972.886
Kyrgyz Republic,1/1/2014 0:00,1050.012
Kyrgyz Republic,1/1/2015 0:00,1130.655
Lao P.D.R.,1/1/2005 0:00,134.901
Lao P.D.R.,1/1/2006 0:00,154.334
Lao P.D.R.,1/1/2007 0:00,160.954
Lao P.D.R.,1/1/2008 0:00,170.539
Lao P.D.R.,1/1/2009 0:00,163.264
Lao P.D.R.,1/1/2010 0:00,179.432
Lao P.D.R.,1/1/2011 0:00,190.185
Lao P.D.R.,1/1/2012 0:00,204.922
Lao P.D.R.,1/1/2013 0:00,213.308
Lao P.D.R.,1/1/2014 0:00,220.786
Lao P.D.R.,1/1/2015 0:00,223.653
Latvia,1/1/2005 0:00,74.066
Latvia,1/1/2006 0:00,83.296
Latvia,1/1/2007 0:00,100.116
Latvia,1/1/2008 0:00,111.947
Latvia,1/1/2009 0:00,101.015
Latvia,1/1/2010 0:00,100
Latvia,1/1/2011 0:00,106.414
Latvia,1/1/2012 0:00,110.236
Latvia,1/1/2013 0:00,111.423
Latvia,1/1/2014 0:00,112.779
Latvia,1/1/2015 0:00,114.796
Lebanon,1/1/2005 0:00,104.693
Lebanon,1/1/2006 0:00,105.517
Lebanon,1/1/2007 0:00,108.752
Lebanon,1/1/2008 0:00,116.941
Lebanon,1/1/2009 0:00,129.215
Lebanon,1/1/2010 0:00,129.414
Lebanon,1/1/2011 0:00,135.23
Lebanon,1/1/2012 0:00,144.757
Lebanon,1/1/2013 0:00,152.429
Lebanon,1/1/2014 0:00,157.068
Lebanon,1/1/2015 0:00,167.429
Lesotho,1/1/2005 0:00,108.082
Lesotho,1/1/2006 0:00,116.529
Lesotho,1/1/2007 0:00,130.149
Lesotho,1/1/2008 0:00,143.888
Lesotho,1/1/2009 0:00,147.454
Lesotho,1/1/2010 0:00,154.613
Lesotho,1/1/2011 0:00,165.504
Lesotho,1/1/2012 0:00,168.737
Lesotho,1/1/2013 0:00,180.965
Lesotho,1/1/2014 0:00,191.619
Lesotho,1/1/2015 0:00,201.001
Liberia,1/1/2005 0:00,138.092
Liberia,1/1/2006 0:00,143.067
Liberia,1/1/2007 0:00,157.888
Liberia,1/1/2008 0:00,171.468
Liberia,1/1/2009 0:00,171.89
Liberia,1/1/2010 0:00,183.357
Liberia,1/1/2011 0:00,203.49
Liberia,1/1/2012 0:00,213.083
Liberia,1/1/2013 0:00,220.378
Liberia,1/1/2014 0:00,224.599
Liberia,1/1/2015 0:00,222.857
Libya,1/1/2005 0:00,157.633
Libya,1/1/2006 0:00,172.547
Libya,1/1/2007 0:00,191.558
Libya,1/1/2008 0:00,233.378
Libya,1/1/2009 0:00,174.305
Libya,1/1/2010 0:00,198.983
Libya,1/1/2011 0:00,235.302
Libya,1/1/2012 0:00,279.936
Libya,1/1/2013 0:00,261.03
Libya,1/1/2014 0:00,215.807
Libya,1/1/2015 0:00,178.725
Lithuania,1/1/2005 0:00,79.504
Lithuania,1/1/2006 0:00,84.866
Lithuania,1/1/2007 0:00,92.138
Lithuania,1/1/2008 0:00,101.079
Lithuania,1/1/2009 0:00,97.749
Lithuania,1/1/2010 0:00,100
Lithuania,1/1/2011 0:00,105.162
Lithuania,1/1/2012 0:00,107.973
Lithuania,1/1/2013 0:00,109.72
Lithuania,1/1/2014 0:00,110.702
Lithuania,1/1/2015 0:00,112.495
Luxembourg,1/1/2005 0:00,84.982
Luxembourg,1/1/2006 0:00,90.845
Luxembourg,1/1/2007 0:00,92.229
Luxembourg,1/1/2008 0:00,95.243
Luxembourg,1/1/2009 0:00,96.969
Luxembourg,1/1/2010 0:00,100
Luxembourg,1/1/2011 0:00,104.125
Luxembourg,1/1/2012 0:00,108.195
Luxembourg,1/1/2013 0:00,110.154
Luxembourg,1/1/2014 0:00,111.336
Luxembourg,1/1/2015 0:00,112.35
Madagascar,1/1/2005 0:00,171.146
Madagascar,1/1/2006 0:00,190.095
Madagascar,1/1/2007 0:00,208
Madagascar,1/1/2008 0:00,226.747
Madagascar,1/1/2009 0:00,247.547
Madagascar,1/1/2010 0:00,269.317
Madagascar,1/1/2011 0:00,291.481
Madagascar,1/1/2012 0:00,307.484
Madagascar,1/1/2013 0:00,323.097
Madagascar,1/1/2014 0:00,344.506
Madagascar,1/1/2015 0:00,370.925
Malawi,1/1/2005 0:00,59.112
Malawi,1/1/2006 0:00,70.915
Malawi,1/1/2007 0:00,73.822
Malawi,1/1/2008 0:00,82.655
Malawi,1/1/2009 0:00,89.184
Malawi,1/1/2010 0:00,100
Malawi,1/1/2011 0:00,114.076
Malawi,1/1/2012 0:00,134.217
Malawi,1/1/2013 0:00,170.859
Malawi,1/1/2014 0:00,206.541
Malawi,1/1/2015 0:00,246.362
Malaysia,1/1/2005 0:00,85.156
Malaysia,1/1/2006 0:00,88.546
Malaysia,1/1/2007 0:00,92.869
Malaysia,1/1/2008 0:00,102.516
Malaysia,1/1/2009 0:00,96.373
Malaysia,1/1/2010 0:00,100
Malaysia,1/1/2011 0:00,105.412
Malaysia,1/1/2012 0:00,106.466
Malaysia,1/1/2013 0:00,106.654
Malaysia,1/1/2014 0:00,109.291
Malaysia,1/1/2015 0:00,110.852
Maldives,1/1/2005 0:00,107.787
Maldives,1/1/2006 0:00,118.708
Maldives,1/1/2007 0:00,126.796
Maldives,1/1/2008 0:00,135.72
Maldives,1/1/2009 0:00,141.31
Maldives,1/1/2010 0:00,142.738
Maldives,1/1/2011 0:00,161.088
Maldives,1/1/2012 0:00,171.799
Maldives,1/1/2013 0:00,192.57
Maldives,1/1/2014 0:00,193.897
Maldives,1/1/2015 0:00,197.958
Mali,1/1/2005 0:00,214.827
Mali,1/1/2006 0:00,225.803
Mali,1/1/2007 0:00,231.584
Mali,1/1/2008 0:00,252.052
Mali,1/1/2009 0:00,261.037
Mali,1/1/2010 0:00,271.959
Mali,1/1/2011 0:00,285.777
Mali,1/1/2012 0:00,302.157
Mali,1/1/2013 0:00,306.149
Mali,1/1/2014 0:00,310.501
Mali,1/1/2015 0:00,319.984
Malta,1/1/2005 0:00,86.199
Malta,1/1/2006 0:00,88.442
Malta,1/1/2007 0:00,91.032
Malta,1/1/2008 0:00,93.838
Malta,1/1/2009 0:00,96.378
Malta,1/1/2010 0:00,100.064
Malta,1/1/2011 0:00,102.506
Malta,1/1/2012 0:00,104.389
Malta,1/1/2013 0:00,106.307
Malta,1/1/2014 0:00,108.234
Malta,1/1/2015 0:00,109.235
Marshall Islands,1/1/2005 0:00,102.251
Marshall Islands,1/1/2006 0:00,104.598
Marshall Islands,1/1/2007 0:00,105.303
Marshall Islands,1/1/2008 0:00,109.455
Marshall Islands,1/1/2009 0:00,110.811
Marshall Islands,1/1/2010 0:00,112.496
Marshall Islands,1/1/2011 0:00,118.672
Marshall Islands,1/1/2012 0:00,120.792
Marshall Islands,1/1/2013 0:00,121.687
Marshall Islands,1/1/2014 0:00,121.871
Marshall Islands,1/1/2015 0:00,121.369
Mauritania,1/1/2005 0:00,109.555
Mauritania,1/1/2006 0:00,129.776
Mauritania,1/1/2007 0:00,134.144
Mauritania,1/1/2008 0:00,146.806
Mauritania,1/1/2009 0:00,148.453
Mauritania,1/1/2010 0:00,176.477
Mauritania,1/1/2011 0:00,203.45
Mauritania,1/1/2012 0:00,191.587
Mauritania,1/1/2013 0:00,193.32
Mauritania,1/1/2014 0:00,181.255
Mauritania,1/1/2015 0:00,172.439
Mauritius,1/1/2005 0:00,93.717
Mauritius,1/1/2006 0:00,100
Mauritius,1/1/2007 0:00,107.956
Mauritius,1/1/2008 0:00,115.03
Mauritius,1/1/2009 0:00,114.898
Mauritius,1/1/2010 0:00,116.946
Mauritius,1/1/2011 0:00,121.541
Mauritius,1/1/2012 0:00,125.322
Mauritius,1/1/2013 0:00,129.36
Mauritius,1/1/2014 0:00,131.616
Mauritius,1/1/2015 0:00,133.942
Mexico,1/1/2005 0:00,84.596
Mexico,1/1/2006 0:00,89.926
Mexico,1/1/2007 0:00,94.339
Mexico,1/1/2008 0:00,100
Mexico,1/1/2009 0:00,103.537
Mexico,1/1/2010 0:00,108.181
Mexico,1/1/2011 0:00,113.901
Mexico,1/1/2012 0:00,117.606
Mexico,1/1/2013 0:00,119.631
Mexico,1/1/2014 0:00,124.718
Mexico,1/1/2015 0:00,130.087
Micronesia,1/1/2005 0:00,101.988
Micronesia,1/1/2006 0:00,103.452
Micronesia,1/1/2007 0:00,106.797
Micronesia,1/1/2008 0:00,111.953
Micronesia,1/1/2009 0:00,117.743
Micronesia,1/1/2010 0:00,120.856
Micronesia,1/1/2011 0:00,124.935
Micronesia,1/1/2012 0:00,131.726
Micronesia,1/1/2013 0:00,132.3
Micronesia,1/1/2014 0:00,131.578
Micronesia,1/1/2015 0:00,131.578
Moldova,1/1/2005 0:00,467.715
Moldova,1/1/2006 0:00,530.558
Moldova,1/1/2007 0:00,614.962
Moldova,1/1/2008 0:00,671.577
Moldova,1/1/2009 0:00,686.075
Moldova,1/1/2010 0:00,762.072
Moldova,1/1/2011 0:00,817.292
Moldova,1/1/2012 0:00,882.11
Moldova,1/1/2013 0:00,918.568
Moldova,1/1/2014 0:00,976.438
Moldova,1/1/2015 0:00,1054.553
Mongolia,1/1/2005 0:00,48.231
Mongolia,1/1/2006 0:00,60.722
Mongolia,1/1/2007 0:00,72.994
Mongolia,1/1/2008 0:00,101.809
Mongolia,1/1/2009 0:00,94.514
Mongolia,1/1/2010 0:00,100
Mongolia,1/1/2011 0:00,115.119
Mongolia,1/1/2012 0:00,129.837
Mongolia,1/1/2013 0:00,133.612
Mongolia,1/1/2014 0:00,141.852
Mongolia,1/1/2015 0:00,151.661
Montenegro,1/1/2005 0:00,91.721
Montenegro,1/1/2006 0:00,100
Montenegro,1/1/2007 0:00,112.675
Montenegro,1/1/2008 0:00,121.334
Montenegro,1/1/2009 0:00,124.304
Montenegro,1/1/2010 0:00,126.316
Montenegro,1/1/2011 0:00,127.502
Montenegro,1/1/2012 0:00,127.382
Montenegro,1/1/2013 0:00,130.245
Montenegro,1/1/2014 0:00,132.101
Montenegro,1/1/2015 0:00,133.828
Morocco,1/1/2005 0:00,95.058
Morocco,1/1/2006 0:00,96.53
Morocco,1/1/2007 0:00,100
Morocco,1/1/2008 0:00,104.53
Morocco,1/1/2009 0:00,104.684
Morocco,1/1/2010 0:00,105.705
Morocco,1/1/2011 0:00,104.975
Morocco,1/1/2012 0:00,105.363
Morocco,1/1/2013 0:00,106.955
Morocco,1/1/2014 0:00,107.142
Morocco,1/1/2015 0:00,110.367
Mozambique,1/1/2005 0:00,78.339
Mozambique,1/1/2006 0:00,85.046
Mozambique,1/1/2007 0:00,90.639
Mozambique,1/1/2008 0:00,96.656
Mozambique,1/1/2009 0:00,100
Mozambique,1/1/2010 0:00,109.182
Mozambique,1/1/2011 0:00,113.337
Mozambique,1/1/2012 0:00,116.639
Mozambique,1/1/2013 0:00,120.382
Mozambique,1/1/2014 0:00,125.318
Mozambique,1/1/2015 0:00,131.709
Myanmar,1/1/2005 0:00,51.8
Myanmar,1/1/2006 0:00,62.834
Myanmar,1/1/2007 0:00,77.69
Myanmar,1/1/2008 0:00,88.271
Myanmar,1/1/2009 0:00,92.582
Myanmar,1/1/2010 0:00,100.176
Myanmar,1/1/2011 0:00,102.947
Myanmar,1/1/2012 0:00,105.859
Myanmar,1/1/2013 0:00,111.904
Myanmar,1/1/2014 0:00,118.515
Myanmar,1/1/2015 0:00,132.938
Namibia,1/1/2005 0:00,134.931
Namibia,1/1/2006 0:00,151.874
Namibia,1/1/2007 0:00,167.028
Namibia,1/1/2008 0:00,185.248
Namibia,1/1/2009 0:00,198.147
Namibia,1/1/2010 0:00,205.209
Namibia,1/1/2011 0:00,213.009
Namibia,1/1/2012 0:00,239.932
Namibia,1/1/2013 0:00,266.99
Namibia,1/1/2014 0:00,298.339
Namibia,1/1/2015 0:00,316.57
Nepal,1/1/2005 0:00,118.418
Nepal,1/1/2006 0:00,127.134
Nepal,1/1/2007 0:00,136.8
Nepal,1/1/2008 0:00,144.488
Nepal,1/1/2009 0:00,167.473
Nepal,1/1/2010 0:00,192.84
Nepal,1/1/2011 0:00,213.689
Nepal,1/1/2012 0:00,227.867
Nepal,1/1/2013 0:00,242.854
Nepal,1/1/2014 0:00,263.984
Nepal,1/1/2015 0:00,279.47
Netherlands,1/1/2005 0:00,92.041
Netherlands,1/1/2006 0:00,94.387
Netherlands,1/1/2007 0:00,96.377
Netherlands,1/1/2008 0:00,98.757
Netherlands,1/1/2009 0:00,99.157
Netherlands,1/1/2010 0:00,100
Netherlands,1/1/2011 0:00,100.142
Netherlands,1/1/2012 0:00,101.563
Netherlands,1/1/2013 0:00,102.968
Netherlands,1/1/2014 0:00,103.801
Netherlands,1/1/2015 0:00,103.821
New Zealand,1/1/2005 0:00,89.43
New Zealand,1/1/2006 0:00,91.544
New Zealand,1/1/2007 0:00,95.448
New Zealand,1/1/2008 0:00,99.043
New Zealand,1/1/2009 0:00,99.838
New Zealand,1/1/2010 0:00,102.768
New Zealand,1/1/2011 0:00,105.778
New Zealand,1/1/2012 0:00,105.385
New Zealand,1/1/2013 0:00,108.371
New Zealand,1/1/2014 0:00,110.737
New Zealand,1/1/2015 0:00,111.036
Nicaragua,1/1/2005 0:00,92.396
Nicaragua,1/1/2006 0:00,100
Nicaragua,1/1/2007 0:00,109.599
Nicaragua,1/1/2008 0:00,127.396
Nicaragua,1/1/2009 0:00,135.763
Nicaragua,1/1/2010 0:00,144.085
Nicaragua,1/1/2011 0:00,158.941
Nicaragua,1/1/2012 0:00,170.217
Nicaragua,1/1/2013 0:00,177.388
Nicaragua,1/1/2014 0:00,193.546
Nicaragua,1/1/2015 0:00,203.935
Niger,1/1/2005 0:00,114.346
Niger,1/1/2006 0:00,115.97
Niger,1/1/2007 0:00,121.026
Niger,1/1/2008 0:00,130.09
Niger,1/1/2009 0:00,137.996
Niger,1/1/2010 0:00,141.534
Niger,1/1/2011 0:00,147.922
Niger,1/1/2012 0:00,156.382
Niger,1/1/2013 0:00,154.77
Niger,1/1/2014 0:00,154.861
Niger,1/1/2015 0:00,157.437
Nigeria,1/1/2005 0:00,59.633
Nigeria,1/1/2006 0:00,71.289
Nigeria,1/1/2007 0:00,74.352
Nigeria,1/1/2008 0:00,82.518
Nigeria,1/1/2009 0:00,78.877
Nigeria,1/1/2010 0:00,100
Nigeria,1/1/2011 0:00,109.51
Nigeria,1/1/2012 0:00,119.663
Nigeria,1/1/2013 0:00,126.691
Nigeria,1/1/2014 0:00,132.598
Nigeria,1/1/2015 0:00,139.116
Norway,1/1/2005 0:00,72.865
Norway,1/1/2006 0:00,79.26
Norway,1/1/2007 0:00,81.681
Norway,1/1/2008 0:00,90.215
Norway,1/1/2009 0:00,85.52
Norway,1/1/2010 0:00,90.62
Norway,1/1/2011 0:00,96.746
Norway,1/1/2012 0:00,100
Norway,1/1/2013 0:00,102.731
Norway,1/1/2014 0:00,103.16
Norway,1/1/2015 0:00,102.616
Oman,1/1/2005 0:00,70.316
Oman,1/1/2006 0:00,79.935
Oman,1/1/2007 0:00,86.317
Oman,1/1/2008 0:00,115.951
Oman,1/1/2009 0:00,86.151
Oman,1/1/2010 0:00,100
Oman,1/1/2011 0:00,114.456
Oman,1/1/2012 0:00,120.568
Oman,1/1/2013 0:00,117.558
Oman,1/1/2014 0:00,115.347
Oman,1/1/2015 0:00,85.514
Pakistan,1/1/2005 0:00,89.143
Pakistan,1/1/2006 0:00,106.485
Pakistan,1/1/2007 0:00,113.469
Pakistan,1/1/2008 0:00,124.431
Pakistan,1/1/2009 0:00,153.843
Pakistan,1/1/2010 0:00,168.916
Pakistan,1/1/2011 0:00,200.392
Pakistan,1/1/2012 0:00,211.679
Pakistan,1/1/2013 0:00,227.98
Pakistan,1/1/2014 0:00,245.49
Pakistan,1/1/2015 0:00,257.261
Palau,1/1/2005 0:00,100
Palau,1/1/2006 0:00,103.282
Palau,1/1/2007 0:00,103.818
Palau,1/1/2008 0:00,110.013
Palau,1/1/2009 0:00,115.697
Palau,1/1/2010 0:00,110.201
Palau,1/1/2011 0:00,115.042
Palau,1/1/2012 0:00,119.676
Palau,1/1/2013 0:00,129.042
Palau,1/1/2014 0:00,134.203
Palau,1/1/2015 0:00,135.277
Panama,1/1/2005 0:00,110.138
Panama,1/1/2006 0:00,112.458
Panama,1/1/2007 0:00,115.858
Panama,1/1/2008 0:00,122.265
Panama,1/1/2009 0:00,123.669
Panama,1/1/2010 0:00,128.858
Panama,1/1/2011 0:00,134.569
Panama,1/1/2012 0:00,139.365
Panama,1/1/2013 0:00,144.522
Panama,1/1/2014 0:00,147.509
Panama,1/1/2015 0:00,150.902
Papua New Guinea,1/1/2005 0:00,175.004
Papua New Guinea,1/1/2006 0:00,191.507
Papua New Guinea,1/1/2007 0:00,198.884
Papua New Guinea,1/1/2008 0:00,214.316
Papua New Guinea,1/1/2009 0:00,208.75
Papua New Guinea,1/1/2010 0:00,229.367
Papua New Guinea,1/1/2011 0:00,239.422
Papua New Guinea,1/1/2012 0:00,232.739
Papua New Guinea,1/1/2013 0:00,237.906
Papua New Guinea,1/1/2014 0:00,263.998
Papua New Guinea,1/1/2015 0:00,265.272
Paraguay,1/1/2005 0:00,300.259
Paraguay,1/1/2006 0:00,318.523
Paraguay,1/1/2007 0:00,349.63
Paraguay,1/1/2008 0:00,382.27
Paraguay,1/1/2009 0:00,390.081
Paraguay,1/1/2010 0:00,413.877
Paraguay,1/1/2011 0:00,439.558
Paraguay,1/1/2012 0:00,460.425
Paraguay,1/1/2013 0:00,462.425
Paraguay,1/1/2014 0:00,490.733
Paraguay,1/1/2015 0:00,505.712
Peru,1/1/2005 0:00,90.186
Peru,1/1/2006 0:00,97.664
Peru,1/1/2007 0:00,100
Peru,1/1/2008 0:00,101.945
Peru,1/1/2009 0:00,103.537
Peru,1/1/2010 0:00,109.758
Peru,1/1/2011 0:00,115.429
Peru,1/1/2012 0:00,117.866
Peru,1/1/2013 0:00,119.597
Peru,1/1/2014 0:00,123.211
Peru,1/1/2015 0:00,126.065
Philippines,1/1/2005 0:00,126.699
Philippines,1/1/2006 0:00,132.97
Philippines,1/1/2007 0:00,137.079
Philippines,1/1/2008 0:00,147.427
Philippines,1/1/2009 0:00,151.516
Philippines,1/1/2010 0:00,157.913
Philippines,1/1/2011 0:00,164.264
Philippines,1/1/2012 0:00,167.497
Philippines,1/1/2013 0:00,170.995
Philippines,1/1/2014 0:00,176.476
Philippines,1/1/2015 0:00,178.154
Poland,1/1/2005 0:00,86.278
Poland,1/1/2006 0:00,87.87
Poland,1/1/2007 0:00,91.321
Poland,1/1/2008 0:00,94.581
Poland,1/1/2009 0:00,98.251
Poland,1/1/2010 0:00,100
Poland,1/1/2011 0:00,103.173
Poland,1/1/2012 0:00,105.454
Poland,1/1/2013 0:00,106.664
Poland,1/1/2014 0:00,107.205
Poland,1/1/2015 0:00,107.206
Portugal,1/1/2005 0:00,91.16
Portugal,1/1/2006 0:00,94.063
Portugal,1/1/2007 0:00,96.866
Portugal,1/1/2008 0:00,98.549
Portugal,1/1/2009 0:00,99.629
Portugal,1/1/2010 0:00,100.27
Portugal,1/1/2011 0:00,100
Portugal,1/1/2012 0:00,99.602
Portugal,1/1/2013 0:00,101.826
Portugal,1/1/2014 0:00,103.1
Portugal,1/1/2015 0:00,104.144
Qatar,1/1/2005 0:00,64.328
Qatar,1/1/2006 0:00,69.707
Qatar,1/1/2007 0:00,77.353
Qatar,1/1/2008 0:00,95.067
Qatar,1/1/2009 0:00,72.043
Qatar,1/1/2010 0:00,77.072
Qatar,1/1/2011 0:00,92.255
Qatar,1/1/2012 0:00,98.575
Qatar,1/1/2013 0:00,100
Qatar,1/1/2014 0:00,100.092
Qatar,1/1/2015 0:00,87.397
Republic of Congo,1/1/2005 0:00,299.729
Republic of Congo,1/1/2006 0:00,355.237
Republic of Congo,1/1/2007 0:00,359.225
Republic of Congo,1/1/2008 0:00,449.13
Republic of Congo,1/1/2009 0:00,356.487
Republic of Congo,1/1/2010 0:00,430.345
Republic of Congo,1/1/2011 0:00,476.185
Republic of Congo,1/1/2012 0:00,470.479
Republic of Congo,1/1/2013 0:00,434.31
Republic of Congo,1/1/2014 0:00,408.485
Republic of Congo,1/1/2015 0:00,316.232
Romania,1/1/2005 0:00,62.823
Romania,1/1/2006 0:00,69.451
Romania,1/1/2007 0:00,78.335
Romania,1/1/2008 0:00,90.552
Romania,1/1/2009 0:00,94.861
Romania,1/1/2010 0:00,100
Romania,1/1/2011 0:00,104.741
Romania,1/1/2012 0:00,109.89
Romania,1/1/2013 0:00,113.573
Romania,1/1/2014 0:00,115.514
Romania,1/1/2015 0:00,117.154
Russia,1/1/2005 0:00,64.68
Russia,1/1/2006 0:00,74.492
Russia,1/1/2007 0:00,84.775
Russia,1/1/2008 0:00,100
Russia,1/1/2009 0:00,101.971
Russia,1/1/2010 0:00,116.442
Russia,1/1/2011 0:00,134.926
Russia,1/1/2012 0:00,144.967
Russia,1/1/2013 0:00,152.344
Russia,1/1/2014 0:00,163.37
Russia,1/1/2015 0:00,177.564
Rwanda,1/1/2005 0:00,59.372
Rwanda,1/1/2006 0:00,64.797
Rwanda,1/1/2007 0:00,72.42
Rwanda,1/1/2008 0:00,82.746
Rwanda,1/1/2009 0:00,89.574
Rwanda,1/1/2010 0:00,92.834
Rwanda,1/1/2011 0:00,99.996
Rwanda,1/1/2012 0:00,106.047
Rwanda,1/1/2013 0:00,111.025
Rwanda,1/1/2014 0:00,115.027
Rwanda,1/1/2015 0:00,119.657
Samoa,1/1/2005 0:00,80.661
Samoa,1/1/2006 0:00,84.934
Samoa,1/1/2007 0:00,90.178
Samoa,1/1/2008 0:00,97.176
Samoa,1/1/2009 0:00,101.738
Samoa,1/1/2010 0:00,101.723
Samoa,1/1/2011 0:00,104.288
Samoa,1/1/2012 0:00,107.753
Samoa,1/1/2013 0:00,108.247
Samoa,1/1/2014 0:00,106.914
Samoa,1/1/2015 0:00,109.489
San Marino,1/1/2005 0:00,96.385
San Marino,1/1/2006 0:00,98.308
San Marino,1/1/2007 0:00,100
San Marino,1/1/2008 0:00,101.683
San Marino,1/1/2009 0:00,105.556
San Marino,1/1/2010 0:00,105.138
San Marino,1/1/2011 0:00,106.223
San Marino,1/1/2012 0:00,108.946
San Marino,1/1/2013 0:00,110.468
San Marino,1/1/2014 0:00,110.468
San Marino,1/1/2015 0:00,111.02
São Tomé and Príncipe,1/1/2005 0:00,190.228
São Tomé and Príncipe,1/1/2006 0:00,221.045
São Tomé and Príncipe,1/1/2007 0:00,252.788
São Tomé and Príncipe,1/1/2008 0:00,332.004
São Tomé and Príncipe,1/1/2009 0:00,363.557
São Tomé and Príncipe,1/1/2010 0:00,414.543
São Tomé and Príncipe,1/1/2011 0:00,458.127
São Tomé and Príncipe,1/1/2012 0:00,485.78
São Tomé and Príncipe,1/1/2013 0:00,526.537
São Tomé and Príncipe,1/1/2014 0:00,562.946
São Tomé and Príncipe,1/1/2015 0:00,616.39
Saudi Arabia,1/1/2005 0:00,80.639
Saudi Arabia,1/1/2006 0:00,87.595
Saudi Arabia,1/1/2007 0:00,91.27
Saudi Arabia,1/1/2008 0:00,105.258
Saudi Arabia,1/1/2009 0:00,85.331
Saudi Arabia,1/1/2010 0:00,100
Saudi Arabia,1/1/2011 0:00,115.576
Saudi Arabia,1/1/2012 0:00,120.229
Saudi Arabia,1/1/2013 0:00,118.758
Saudi Arabia,1/1/2014 0:00,115.073
Saudi Arabia,1/1/2015 0:00,94.234
Senegal,1/1/2005 0:00,109.778
Senegal,1/1/2006 0:00,114.149
Senegal,1/1/2007 0:00,120.22
Senegal,1/1/2008 0:00,128.517
Senegal,1/1/2009 0:00,126.641
Senegal,1/1/2010 0:00,128.496
Senegal,1/1/2011 0:00,133.923
Senegal,1/1/2012 0:00,137.423
Senegal,1/1/2013 0:00,134.864
Senegal,1/1/2014 0:00,134.968
Senegal,1/1/2015 0:00,136.866
Serbia,1/1/2005 0:00,65.128
Serbia,1/1/2006 0:00,72.853
Serbia,1/1/2007 0:00,78.84
Serbia,1/1/2008 0:00,87.21
Serbia,1/1/2009 0:00,94.447
Serbia,1/1/2010 0:00,100
Serbia,1/1/2011 0:00,109.561
Serbia,1/1/2012 0:00,116.423
Serbia,1/1/2013 0:00,122.757
Serbia,1/1/2014 0:00,125.075
Serbia,1/1/2015 0:00,127.583
Seychelles,1/1/2005 0:00,98.578
Seychelles,1/1/2006 0:00,100
Seychelles,1/1/2007 0:00,111.811
Seychelles,1/1/2008 0:00,150.889
Seychelles,1/1/2009 0:00,192.381
Seychelles,1/1/2010 0:00,184.294
Seychelles,1/1/2011 0:00,192.558
Seychelles,1/1/2012 0:00,212.746
Seychelles,1/1/2013 0:00,219.599
Seychelles,1/1/2014 0:00,226.516
Seychelles,1/1/2015 0:00,231.353
Sierra Leone,1/1/2005 0:00,89.034
Sierra Leone,1/1/2006 0:00,100.008
Sierra Leone,1/1/2007 0:00,106.804
Sierra Leone,1/1/2008 0:00,117.475
Sierra Leone,1/1/2009 0:00,126.614
Sierra Leone,1/1/2010 0:00,148.358
Sierra Leone,1/1/2011 0:00,174.095
Sierra Leone,1/1/2012 0:00,195.045
Sierra Leone,1/1/2013 0:00,210.624
Sierra Leone,1/1/2014 0:00,206.531
Sierra Leone,1/1/2015 0:00,266.015
Singapore,1/1/2005 0:00,91.108
Singapore,1/1/2006 0:00,92.675
Singapore,1/1/2007 0:00,98.107
Singapore,1/1/2008 0:00,96.643
Singapore,1/1/2009 0:00,100.046
Singapore,1/1/2010 0:00,100
Singapore,1/1/2011 0:00,101.163
Singapore,1/1/2012 0:00,102.336
Singapore,1/1/2013 0:00,102.274
Singapore,1/1/2014 0:00,102.497
Singapore,1/1/2015 0:00,102.489
Slovak Republic,1/1/2005 0:00,94.072
Slovak Republic,1/1/2006 0:00,96.823
Slovak Republic,1/1/2007 0:00,97.913
Slovak Republic,1/1/2008 0:00,100.688
Slovak Republic,1/1/2009 0:00,99.516
Slovak Republic,1/1/2010 0:00,100
Slovak Republic,1/1/2011 0:00,101.649
Slovak Republic,1/1/2012 0:00,102.934
Slovak Republic,1/1/2013 0:00,103.468
Slovak Republic,1/1/2014 0:00,103.26
Slovak Republic,1/1/2015 0:00,103.104
Slovenia,1/1/2005 0:00,87.835
Slovenia,1/1/2006 0:00,89.757
Slovenia,1/1/2007 0:00,93.499
Slovenia,1/1/2008 0:00,97.718
Slovenia,1/1/2009 0:00,100.997
Slovenia,1/1/2010 0:00,100
Slovenia,1/1/2011 0:00,101.12
Slovenia,1/1/2012 0:00,101.387
Slovenia,1/1/2013 0:00,102.241
Slovenia,1/1/2014 0:00,103.073
Slovenia,1/1/2015 0:00,103.732
Solomon Islands,1/1/2005 0:00,105.328
Solomon Islands,1/1/2006 0:00,112.283
Solomon Islands,1/1/2007 0:00,116.253
Solomon Islands,1/1/2008 0:00,129.521
Solomon Islands,1/1/2009 0:00,138.921
Solomon Islands,1/1/2010 0:00,146.201
Solomon Islands,1/1/2011 0:00,161.896
Solomon Islands,1/1/2012 0:00,172.195
Solomon Islands,1/1/2013 0:00,171.536
Solomon Islands,1/1/2014 0:00,186.588
Solomon Islands,1/1/2015 0:00,193.661
South Africa,1/1/2005 0:00,69.486
South Africa,1/1/2006 0:00,73.833
South Africa,1/1/2007 0:00,80.367
South Africa,1/1/2008 0:00,87.464
South Africa,1/1/2009 0:00,94.028
South Africa,1/1/2010 0:00,100
South Africa,1/1/2011 0:00,106.652
South Africa,1/1/2012 0:00,112.531
South Africa,1/1/2013 0:00,119.266
South Africa,1/1/2014 0:00,126.188
South Africa,1/1/2015 0:00,132.262
South Sudan,1/1/2011 0:00,158.934
South Sudan,1/1/2012 0:00,214.965
South Sudan,1/1/2013 0:00,226.308
South Sudan,1/1/2014 0:00,205.032
South Sudan,1/1/2015 0:00,195.064
Spain,1/1/2005 0:00,90.756
Spain,1/1/2006 0:00,94.363
Spain,1/1/2007 0:00,97.506
Spain,1/1/2008 0:00,99.588
Spain,1/1/2009 0:00,99.841
Spain,1/1/2010 0:00,99.998
Spain,1/1/2011 0:00,100.085
Spain,1/1/2012 0:00,100.321
Spain,1/1/2013 0:00,100.993
Spain,1/1/2014 0:00,100.491
Spain,1/1/2015 0:00,101.12
Sri Lanka,1/1/2005 0:00,126.323
Sri Lanka,1/1/2006 0:00,140.569
Sri Lanka,1/1/2007 0:00,160.288
Sri Lanka,1/1/2008 0:00,186.459
Sri Lanka,1/1/2009 0:00,197.422
Sri Lanka,1/1/2010 0:00,211.832
Sri Lanka,1/1/2011 0:00,228.492
Sri Lanka,1/1/2012 0:00,248.862
Sri Lanka,1/1/2013 0:00,265.451
Sri Lanka,1/1/2014 0:00,278.814
Sri Lanka,1/1/2015 0:00,284.264
St. Kitts and Nevis,1/1/2005 0:00,104.498
St. Kitts and Nevis,1/1/2006 0:00,117.032
St. Kitts and Nevis,1/1/2007 0:00,120.09
St. Kitts and Nevis,1/1/2008 0:00,124.692
St. Kitts and Nevis,1/1/2009 0:00,125.036
St. Kitts and Nevis,1/1/2010 0:00,126.997
St. Kitts and Nevis,1/1/2011 0:00,136.086
St. Kitts and Nevis,1/1/2012 0:00,137.997
St. Kitts and Nevis,1/1/2013 0:00,139.768
St. Kitts and Nevis,1/1/2014 0:00,142.64
St. Kitts and Nevis,1/1/2015 0:00,141.769
St. Lucia,1/1/2005 0:00,95.33
St. Lucia,1/1/2006 0:00,100
St. Lucia,1/1/2007 0:00,108.503
St. Lucia,1/1/2008 0:00,107.458
St. Lucia,1/1/2009 0:00,107.252
St. Lucia,1/1/2010 0:00,114.891
St. Lucia,1/1/2011 0:00,117.791
St. Lucia,1/1/2012 0:00,120.996
St. Lucia,1/1/2013 0:00,122.971
St. Lucia,1/1/2014 0:00,128.839
St. Lucia,1/1/2015 0:00,129.634
St. Vincent and the Grenadines,1/1/2005 0:00,111.572
St. Vincent and the Grenadines,1/1/2006 0:00,116.725
St. Vincent and the Grenadines,1/1/2007 0:00,120.842
St. Vincent and the Grenadines,1/1/2008 0:00,129.622
St. Vincent and the Grenadines,1/1/2009 0:00,128.367
St. Vincent and the Grenadines,1/1/2010 0:00,132.674
St. Vincent and the Grenadines,1/1/2011 0:00,131.363
St. Vincent and the Grenadines,1/1/2012 0:00,132.901
St. Vincent and the Grenadines,1/1/2013 0:00,135.089
St. Vincent and the Grenadines,1/1/2014 0:00,137.05
St. Vincent and the Grenadines,1/1/2015 0:00,140.83
Sudan,1/1/2005 0:00,82.512
Sudan,1/1/2006 0:00,91.202
Sudan,1/1/2007 0:00,100
Sudan,1/1/2008 0:00,119.527
Sudan,1/1/2009 0:00,122.543
Sudan,1/1/2010 0:00,147.184
Sudan,1/1/2011 0:00,176.562
Sudan,1/1/2012 0:00,228.27
Sudan,1/1/2013 0:00,310.84
Sudan,1/1/2014 0:00,404.561
Sudan,1/1/2015 0:00,473.685
Suriname,1/1/2005 0:00,84.205
Suriname,1/1/2006 0:00,93.961
Suriname,1/1/2007 0:00,100
Suriname,1/1/2008 0:00,115.522
Suriname,1/1/2009 0:00,123.012
Suriname,1/1/2010 0:00,131.885
Suriname,1/1/2011 0:00,150.961
Suriname,1/1/2012 0:00,166.55
Suriname,1/1/2013 0:00,166.861
Suriname,1/1/2014 0:00,166.385
Suriname,1/1/2015 0:00,158.894
Swaziland,1/1/2005 0:00,66.44
Swaziland,1/1/2006 0:00,68.854
Swaziland,1/1/2007 0:00,72.414
Swaziland,1/1/2008 0:00,78.198
Swaziland,1/1/2009 0:00,86.373
Swaziland,1/1/2010 0:00,93.384
Swaziland,1/1/2011 0:00,100
Swaziland,1/1/2012 0:00,108.635
Swaziland,1/1/2013 0:00,115.246
Swaziland,1/1/2014 0:00,122.298
Swaziland,1/1/2015 0:00,130.015
Sweden,1/1/2005 0:00,85.201
Sweden,1/1/2006 0:00,86.752
Sweden,1/1/2007 0:00,89.255
Sweden,1/1/2008 0:00,92.22
Sweden,1/1/2009 0:00,94.418
Sweden,1/1/2010 0:00,95.353
Sweden,1/1/2011 0:00,96.482
Sweden,1/1/2012 0:00,97.506
Sweden,1/1/2013 0:00,98.629
Sweden,1/1/2014 0:00,100
Sweden,1/1/2015 0:00,101.728
Switzerland,1/1/2005 0:00,93.503
Switzerland,1/1/2006 0:00,95.304
Switzerland,1/1/2007 0:00,97.471
Switzerland,1/1/2008 0:00,99.233
Switzerland,1/1/2009 0:00,99.773
Switzerland,1/1/2010 0:00,100
Switzerland,1/1/2011 0:00,100.231
Switzerland,1/1/2012 0:00,99.979
Switzerland,1/1/2013 0:00,99.988
Switzerland,1/1/2014 0:00,99.66
Switzerland,1/1/2015 0:00,98.377
Syrian Arab Republic,1/1/2005 0:00,130.234
Syrian Arab Republic,1/1/2006 0:00,142.081
Syrian Arab Republic,1/1/2007 0:00,157.382
Syrian Arab Republic,1/1/2008 0:00,182.485
Syrian Arab Republic,1/1/2009 0:00,177.41
Syrian Arab Republic,1/1/2010 0:00,189.955
Taiwan Province of China,1/1/2005 0:00,108.209
Taiwan Province of China,1/1/2006 0:00,107.095
Taiwan Province of China,1/1/2007 0:00,106.638
Taiwan Province of China,1/1/2008 0:00,103.869
Taiwan Province of China,1/1/2009 0:00,104.003
Taiwan Province of China,1/1/2010 0:00,102.405
Taiwan Province of China,1/1/2011 0:00,100
Taiwan Province of China,1/1/2012 0:00,100.543
Taiwan Province of China,1/1/2013 0:00,101.925
Taiwan Province of China,1/1/2014 0:00,103.789
Taiwan Province of China,1/1/2015 0:00,101.934
Tajikistan,1/1/2005 0:00,6176.444
Tajikistan,1/1/2006 0:00,7432.522
Tajikistan,1/1/2007 0:00,9502.889
Tajikistan,1/1/2008 0:00,12135.444
Tajikistan,1/1/2009 0:00,13678.726
Tajikistan,1/1/2010 0:00,15386.08
Tajikistan,1/1/2011 0:00,17436.827
Tajikistan,1/1/2012 0:00,19506.408
Tajikistan,1/1/2013 0:00,20353.966
Tajikistan,1/1/2014 0:00,21467.493
Tajikistan,1/1/2015 0:00,22970.218
Tanzania,1/1/2005 0:00,81.048
Tanzania,1/1/2006 0:00,94.397
Tanzania,1/1/2007 0:00,100
Tanzania,1/1/2008 0:00,115.938
Tanzania,1/1/2009 0:00,126.678
Tanzania,1/1/2010 0:00,138.391
Tanzania,1/1/2011 0:00,154.37
Tanzania,1/1/2012 0:00,170.952
Tanzania,1/1/2013 0:00,184.072
Tanzania,1/1/2014 0:00,192.675
Tanzania,1/1/2015 0:00,202.779
Thailand,1/1/2005 0:00,111.182
Thailand,1/1/2006 0:00,116.857
Thailand,1/1/2007 0:00,119.747
Thailand,1/1/2008 0:00,125.895
Thailand,1/1/2009 0:00,126.14
Thailand,1/1/2010 0:00,131.289
Thailand,1/1/2011 0:00,136.207
Thailand,1/1/2012 0:00,138.753
Thailand,1/1/2013 0:00,141.028
Thailand,1/1/2014 0:00,142.401
Thailand,1/1/2015 0:00,141.818
The Bahamas,1/1/2005 0:00,99.179
The Bahamas,1/1/2006 0:00,100
The Bahamas,1/1/2007 0:00,102.948
The Bahamas,1/1/2008 0:00,104.48
The Bahamas,1/1/2009 0:00,103.397
The Bahamas,1/1/2010 0:00,102.991
The Bahamas,1/1/2011 0:00,102.107
The Bahamas,1/1/2012 0:00,104.257
The Bahamas,1/1/2013 0:00,106.731
The Bahamas,1/1/2014 0:00,106.637
The Bahamas,1/1/2015 0:00,109.981
The Gambia,1/1/2005 0:00,103.594
The Gambia,1/1/2006 0:00,105.595
The Gambia,1/1/2007 0:00,110.129
The Gambia,1/1/2008 0:00,112.344
The Gambia,1/1/2009 0:00,118.163
The Gambia,1/1/2010 0:00,123.243
The Gambia,1/1/2011 0:00,127.822
The Gambia,1/1/2012 0:00,133.513
The Gambia,1/1/2013 0:00,141.068
The Gambia,1/1/2014 0:00,150.389
The Gambia,1/1/2015 0:00,159.647
Timor-Leste,1/1/2005 0:00,71.488
Timor-Leste,1/1/2006 0:00,67.422
Timor-Leste,1/1/2007 0:00,70.222
Timor-Leste,1/1/2008 0:00,97.066
Timor-Leste,1/1/2009 0:00,78.831
Timor-Leste,1/1/2010 0:00,100
Timor-Leste,1/1/2011 0:00,126.32
Timor-Leste,1/1/2012 0:00,141.136
Timor-Leste,1/1/2013 0:00,134.714
Timor-Leste,1/1/2014 0:00,137.744
Timor-Leste,1/1/2015 0:00,106.824
Togo,1/1/2005 0:00,114.311
Togo,1/1/2006 0:00,114.398
Togo,1/1/2007 0:00,116.851
Togo,1/1/2008 0:00,133.477
Togo,1/1/2009 0:00,136.134
Togo,1/1/2010 0:00,137.639
Togo,1/1/2011 0:00,148.133
Togo,1/1/2012 0:00,157.76
Togo,1/1/2013 0:00,160.915
Togo,1/1/2014 0:00,161.719
Togo,1/1/2015 0:00,165.7
Tonga,1/1/2005 0:00,74.369
Tonga,1/1/2006 0:00,82.712
Tonga,1/1/2007 0:00,89.158
Tonga,1/1/2008 0:00,92.026
Tonga,1/1/2009 0:00,92.686
Tonga,1/1/2010 0:00,97.153
Tonga,1/1/2011 0:00,101.246
Tonga,1/1/2012 0:00,102.666
Tonga,1/1/2013 0:00,104.032
Tonga,1/1/2014 0:00,105.494
Tonga,1/1/2015 0:00,106.49
Trinidad and Tobago,1/1/2005 0:00,132.851
Trinidad and Tobago,1/1/2006 0:00,135.148
Trinidad and Tobago,1/1/2007 0:00,152.382
Trinidad and Tobago,1/1/2008 0:00,188.64
Trinidad and Tobago,1/1/2009 0:00,136.514
Trinidad and Tobago,1/1/2010 0:00,151.112
Trinidad and Tobago,1/1/2011 0:00,176.251
Trinidad and Tobago,1/1/2012 0:00,175.649
Trinidad and Tobago,1/1/2013 0:00,191.831
Trinidad and Tobago,1/1/2014 0:00,200.515
Trinidad and Tobago,1/1/2015 0:00,190.227
Tunisia,1/1/2005 0:00,103.661
Tunisia,1/1/2006 0:00,107.218
Tunisia,1/1/2007 0:00,109.952
Tunisia,1/1/2008 0:00,116.68
Tunisia,1/1/2009 0:00,120.573
Tunisia,1/1/2010 0:00,125.811
Tunisia,1/1/2011 0:00,131.589
Tunisia,1/1/2012 0:00,138.542
Tunisia,1/1/2013 0:00,146.4
Tunisia,1/1/2014 0:00,154.752
Tunisia,1/1/2015 0:00,162.196
Turkey,1/1/2005 0:00,717.054
Turkey,1/1/2006 0:00,783.961
Turkey,1/1/2007 0:00,832.731
Turkey,1/1/2008 0:00,932.612
Turkey,1/1/2009 0:00,981.988
Turkey,1/1/2010 0:00,1037.723
Turkey,1/1/2011 0:00,1126.734
Turkey,1/1/2012 0:00,1204.504
Turkey,1/1/2013 0:00,1278.83
Turkey,1/1/2014 0:00,1385.389
Turkey,1/1/2015 0:00,1527.847
Turkmenistan,1/1/2005 0:00,100
Turkmenistan,1/1/2006 0:00,112.258
Turkmenistan,1/1/2007 0:00,122.667
Turkmenistan,1/1/2008 0:00,195.866
Turkmenistan,1/1/2009 0:00,214.918
Turkmenistan,1/1/2010 0:00,215.718
Turkmenistan,1/1/2011 0:00,248.146
Turkmenistan,1/1/2012 0:00,268.788
Turkmenistan,1/1/2013 0:00,284.495
Turkmenistan,1/1/2014 0:00,301.382
Turkmenistan,1/1/2015 0:00,315.654
Tuvalu,1/1/2005 0:00,100
Tuvalu,1/1/2006 0:00,104.116
Tuvalu,1/1/2007 0:00,103.981
Tuvalu,1/1/2008 0:00,107.647
Tuvalu,1/1/2009 0:00,108.389
Tuvalu,1/1/2010 0:00,111.261
Tuvalu,1/1/2011 0:00,112.696
Tuvalu,1/1/2012 0:00,113.672
Tuvalu,1/1/2013 0:00,115.667
Tuvalu,1/1/2014 0:00,118.742
Tuvalu,1/1/2015 0:00,122.231
Uganda,1/1/2005 0:00,67.618
Uganda,1/1/2006 0:00,72.743
Uganda,1/1/2007 0:00,78.123
Uganda,1/1/2008 0:00,84.506
Uganda,1/1/2009 0:00,94.273
Uganda,1/1/2010 0:00,102.152
Uganda,1/1/2011 0:00,115.699
Uganda,1/1/2012 0:00,130.549
Uganda,1/1/2013 0:00,134.818
Uganda,1/1/2014 0:00,139.641
Uganda,1/1/2015 0:00,147.6
Ukraine,1/1/2005 0:00,42.908
Ukraine,1/1/2006 0:00,49.281
Ukraine,1/1/2007 0:00,60.538
Ukraine,1/1/2008 0:00,78.107
Ukraine,1/1/2009 0:00,87.971
Ukraine,1/1/2010 0:00,100
Ukraine,1/1/2011 0:00,114.201
Ukraine,1/1/2012 0:00,123.103
Ukraine,1/1/2013 0:00,128.442
Ukraine,1/1/2014 0:00,147.41
Ukraine,1/1/2015 0:00,204.903
United Arab Emirates,1/1/2005 0:00,79.368
United Arab Emirates,1/1/2006 0:00,88.862
United Arab Emirates,1/1/2007 0:00,100
United Arab Emirates,1/1/2008 0:00,118.533
United Arab Emirates,1/1/2009 0:00,100.536
United Arab Emirates,1/1/2010 0:00,111.599
United Arab Emirates,1/1/2011 0:00,129.242
United Arab Emirates,1/1/2012 0:00,129.547
United Arab Emirates,1/1/2013 0:00,128.758
United Arab Emirates,1/1/2014 0:00,127.029
United Arab Emirates,1/1/2015 0:00,104.692
United Kingdom,1/1/2005 0:00,85.619
United Kingdom,1/1/2006 0:00,87.918
United Kingdom,1/1/2007 0:00,90.444
United Kingdom,1/1/2008 0:00,93.056
United Kingdom,1/1/2009 0:00,94.909
United Kingdom,1/1/2010 0:00,97.918
United Kingdom,1/1/2011 0:00,100
United Kingdom,1/1/2012 0:00,101.661
United Kingdom,1/1/2013 0:00,103.484
United Kingdom,1/1/2014 0:00,105.099
United Kingdom,1/1/2015 0:00,106.206
United States,1/1/2005 0:00,91.987
United States,1/1/2006 0:00,94.814
United States,1/1/2007 0:00,97.337
United States,1/1/2008 0:00,99.246
United States,1/1/2009 0:00,100
United States,1/1/2010 0:00,101.222
United States,1/1/2011 0:00,103.311
United States,1/1/2012 0:00,105.214
United States,1/1/2013 0:00,106.929
United States,1/1/2014 0:00,108.686
United States,1/1/2015 0:00,109.752
Uruguay,1/1/2005 0:00,100
Uruguay,1/1/2006 0:00,106.533
Uruguay,1/1/2007 0:00,116.566
Uruguay,1/1/2008 0:00,125.919
Uruguay,1/1/2009 0:00,135.674
Uruguay,1/1/2010 0:00,142.332
Uruguay,1/1/2011 0:00,155.156
Uruguay,1/1/2012 0:00,169.177
Uruguay,1/1/2013 0:00,181.721
Uruguay,1/1/2014 0:00,199.092
Uruguay,1/1/2015 0:00,216.966
Uzbekistan,1/1/2005 0:00,2600.994
Uzbekistan,1/1/2006 0:00,3154.335
Uzbekistan,1/1/2007 0:00,3911.267
Uzbekistan,1/1/2008 0:00,4805.443
Uzbekistan,1/1/2009 0:00,5775.657
Uzbekistan,1/1/2010 0:00,6707.252
Uzbekistan,1/1/2011 0:00,7804.031
Uzbekistan,1/1/2012 0:00,8959.317
Uzbekistan,1/1/2013 0:00,10270.617
Uzbekistan,1/1/2014 0:00,11493.864
Uzbekistan,1/1/2015 0:00,13065.645
Vanuatu,1/1/2005 0:00,96.265
Vanuatu,1/1/2006 0:00,100
Vanuatu,1/1/2007 0:00,105.479
Vanuatu,1/1/2008 0:00,113.196
Vanuatu,1/1/2009 0:00,115.811
Vanuatu,1/1/2010 0:00,118.844
Vanuatu,1/1/2011 0:00,122.529
Vanuatu,1/1/2012 0:00,123.033
Vanuatu,1/1/2013 0:00,126.303
Vanuatu,1/1/2014 0:00,129.965
Vanuatu,1/1/2015 0:00,133.993
Venezuela,1/1/2005 0:00,653.618
Venezuela,1/1/2006 0:00,770.644
Venezuela,1/1/2007 0:00,889.696
Venezuela,1/1/2008 0:00,1157.783
Venezuela,1/1/2009 0:00,1248.457
Venezuela,1/1/2010 0:00,1822.039
Venezuela,1/1/2011 0:00,2334.929
Venezuela,1/1/2012 0:00,2663.206
Venezuela,1/1/2013 0:00,3542.115
Venezuela,1/1/2014 0:00,5272.574
Venezuela,1/1/2015 0:00,10577.787
Vietnam,1/1/2005 0:00,57.533
Vietnam,1/1/2006 0:00,62.463
Vietnam,1/1/2007 0:00,68.479
Vietnam,1/1/2008 0:00,84.005
Vietnam,1/1/2009 0:00,89.227
Vietnam,1/1/2010 0:00,100
Vietnam,1/1/2011 0:00,121.261
Vietnam,1/1/2012 0:00,134.51
Vietnam,1/1/2013 0:00,140.914
Vietnam,1/1/2014 0:00,146.074
Vietnam,1/1/2015 0:00,149.562
Yemen,1/1/2005 0:00,1017.066
Yemen,1/1/2006 0:00,1155.271
Yemen,1/1/2007 0:00,1281.06
Yemen,1/1/2008 0:00,1542.112
Yemen,1/1/2009 0:00,1407.867
Yemen,1/1/2010 0:00,1740.353
Yemen,1/1/2011 0:00,2055.594
Yemen,1/1/2012 0:00,2176.734
Yemen,1/1/2013 0:00,2377.188
Yemen,1/1/2014 0:00,2547.474
Yemen,1/1/2015 0:00,3034.885
Zambia,1/1/2005 0:00,58.069
Zambia,1/1/2006 0:00,66.513
Zambia,1/1/2007 0:00,75.14
Zambia,1/1/2008 0:00,83.135
Zambia,1/1/2009 0:00,87.757
Zambia,1/1/2010 0:00,100
Zambia,1/1/2011 0:00,111.555
Zambia,1/1/2012 0:00,116.282
Zambia,1/1/2013 0:00,122.915
Zambia,1/1/2014 0:00,131.602
Zambia,1/1/2015 0:00,140.613
Zimbabwe,1/1/2005 0:00,79.432
Zimbabwe,1/1/2006 0:00,76.256
Zimbabwe,1/1/2007 0:00,76.312
Zimbabwe,1/1/2008 0:00,78.364
Zimbabwe,1/1/2009 0:00,100
Zimbabwe,1/1/2010 0:00,103.965
Zimbabwe,1/1/2011 0:00,107.768
Zimbabwe,1/1/2012 0:00,110.957
Zimbabwe,1/1/2013 0:00,114.861
Zimbabwe,1/1/2014 0:00,114.068
Zimbabwe,1/1/2015 0:00,113.051
Advanced Economies,1/1/2005 0:00,100
Advanced Economies,1/1/2006 0:00,102.072
Advanced Economies,1/1/2007 0:00,104.359
Advanced Economies,1/1/2008 0:00,106.316
Advanced Economies,1/1/2009 0:00,107.116
Advanced Economies,1/1/2010 0:00,108.163
Advanced Economies,1/1/2011 0:00,109.611
Advanced Economies,1/1/2012 0:00,110.958
Advanced Economies,1/1/2013 0:00,112.333
Advanced Economies,1/1/2014 0:00,113.809
Advanced Economies,1/1/2015 0:00,114.989
Euro Area,1/1/2005 0:00,92.225
Euro Area,1/1/2006 0:00,94.035
Euro Area,1/1/2007 0:00,96.37
Euro Area,1/1/2008 0:00,98.3
Euro Area,1/1/2009 0:00,99.305
Euro Area,1/1/2010 0:00,100
Euro Area,1/1/2011 0:00,101.052
Euro Area,1/1/2012 0:00,102.349
Euro Area,1/1/2013 0:00,103.718
Euro Area,1/1/2014 0:00,104.625
Euro Area,1/1/2015 0:00,105.853
Major Advanced Economies (G7),1/1/2005 0:00,100
Major Advanced Economies (G7),1/1/2006 0:00,101.968
Major Advanced Economies (G7),1/1/2007 0:00,104.058
Major Advanced Economies (G7),1/1/2008 0:00,105.76
Major Advanced Economies (G7),1/1/2009 0:00,106.477
Major Advanced Economies (G7),1/1/2010 0:00,107.373
Major Advanced Economies (G7),1/1/2011 0:00,108.817
Major Advanced Economies (G7),1/1/2012 0:00,110.216
Major Advanced Economies (G7),1/1/2013 0:00,111.626
Major Advanced Economies (G7),1/1/2014 0:00,113.333
Major Advanced Economies (G7),1/1/2015 0:00,114.637
Other Advanced Economies (Advanced Economies Excluding G7 and Euro Area),1/1/2005 0:00,100
Other Advanced Economies (Advanced Economies Excluding G7 and Euro Area),1/1/2006 0:00,101.697
Other Advanced Economies (Advanced Economies Excluding G7 and Euro Area),1/1/2007 0:00,104.379
Other Advanced Economies (Advanced Economies Excluding G7 and Euro Area),1/1/2008 0:00,107.196
Other Advanced Economies (Advanced Economies Excluding G7 and Euro Area),1/1/2009 0:00,108.655
Other Advanced Economies (Advanced Economies Excluding G7 and Euro Area),1/1/2010 0:00,110.799
Other Advanced Economies (Advanced Economies Excluding G7 and Euro Area),1/1/2011 0:00,112.542
Other Advanced Economies (Advanced Economies Excluding G7 and Euro Area),1/1/2012 0:00,113.766
Other Advanced Economies (Advanced Economies Excluding G7 and Euro Area),1/1/2013 0:00,115.107
Other Advanced Economies (Advanced Economies Excluding G7 and Euro Area),1/1/2014 0:00,116.243
Other Advanced Economies (Advanced Economies Excluding G7 and Euro Area),1/1/2015 0:00,117.081
